#
# TABLE STRUCTURE FOR: awards
#

DROP TABLE IF EXISTS `awards`;

CREATE TABLE `awards` (
  `id` int(9) unsigned NOT NULL AUTO_INCREMENT,
  `name` varchar(100) NOT NULL,
  `winner` int(9) DEFAULT NULL,
  `given` date NOT NULL,
  `eventID` int(9) NOT NULL,
  PRIMARY KEY (`id`),
  UNIQUE KEY `eventID` (`eventID`)
) ENGINE=InnoDB AUTO_INCREMENT=201 DEFAULT CHARSET=utf8;

INSERT INTO `awards` (`id`, `name`, `winner`, `given`, `eventID`) VALUES (101, 'facere', 192, '1977-12-09', 31);
INSERT INTO `awards` (`id`, `name`, `winner`, `given`, `eventID`) VALUES (102, 'vel', 104, '1991-12-18', 41);
INSERT INTO `awards` (`id`, `name`, `winner`, `given`, `eventID`) VALUES (103, 'magni', 17, '2015-10-25', 3);
INSERT INTO `awards` (`id`, `name`, `winner`, `given`, `eventID`) VALUES (104, 'ullam', 199, '2014-10-21', 35);
INSERT INTO `awards` (`id`, `name`, `winner`, `given`, `eventID`) VALUES (105, 'perferendis', 143, '2016-12-16', 43);
INSERT INTO `awards` (`id`, `name`, `winner`, `given`, `eventID`) VALUES (106, 'distinctio', 166, '1989-05-20', 29);
INSERT INTO `awards` (`id`, `name`, `winner`, `given`, `eventID`) VALUES (108, 'cum', 162, '1994-09-16', 23);
INSERT INTO `awards` (`id`, `name`, `winner`, `given`, `eventID`) VALUES (109, 'est', 170, '1971-06-03', 18);
INSERT INTO `awards` (`id`, `name`, `winner`, `given`, `eventID`) VALUES (110, 'rerum', 29, '1971-01-09', 7);
INSERT INTO `awards` (`id`, `name`, `winner`, `given`, `eventID`) VALUES (111, 'itaque', 118, '2013-08-29', 42);
INSERT INTO `awards` (`id`, `name`, `winner`, `given`, `eventID`) VALUES (113, 'est', 108, '1987-02-12', 4);
INSERT INTO `awards` (`id`, `name`, `winner`, `given`, `eventID`) VALUES (114, 'ullam', 73, '1991-05-17', 36);
INSERT INTO `awards` (`id`, `name`, `winner`, `given`, `eventID`) VALUES (115, 'qui', 90, '1987-05-11', 38);
INSERT INTO `awards` (`id`, `name`, `winner`, `given`, `eventID`) VALUES (116, 'sunt', 196, '2007-11-27', 47);
INSERT INTO `awards` (`id`, `name`, `winner`, `given`, `eventID`) VALUES (117, 'fugit', 105, '2000-10-22', 50);
INSERT INTO `awards` (`id`, `name`, `winner`, `given`, `eventID`) VALUES (118, 'est', 223, '2006-09-16', 21);
INSERT INTO `awards` (`id`, `name`, `winner`, `given`, `eventID`) VALUES (120, 'ut', 31, '1999-12-05', 27);
INSERT INTO `awards` (`id`, `name`, `winner`, `given`, `eventID`) VALUES (121, 'rem', 74, '2014-10-12', 33);
INSERT INTO `awards` (`id`, `name`, `winner`, `given`, `eventID`) VALUES (123, 'qui', 150, '2005-10-20', 32);
INSERT INTO `awards` (`id`, `name`, `winner`, `given`, `eventID`) VALUES (125, 'quo', 295, '2004-09-27', 15);
INSERT INTO `awards` (`id`, `name`, `winner`, `given`, `eventID`) VALUES (126, 'enim', 59, '2006-07-25', 19);
INSERT INTO `awards` (`id`, `name`, `winner`, `given`, `eventID`) VALUES (127, 'similique', 41, '1990-08-06', 28);
INSERT INTO `awards` (`id`, `name`, `winner`, `given`, `eventID`) VALUES (128, 'nam', 60, '1973-05-15', 25);
INSERT INTO `awards` (`id`, `name`, `winner`, `given`, `eventID`) VALUES (129, 'architecto', 188, '2001-06-06', 22);
INSERT INTO `awards` (`id`, `name`, `winner`, `given`, `eventID`) VALUES (131, 'tenetur', 56, '2007-01-15', 44);
INSERT INTO `awards` (`id`, `name`, `winner`, `given`, `eventID`) VALUES (134, 'beatae', 282, '1992-02-24', 46);
INSERT INTO `awards` (`id`, `name`, `winner`, `given`, `eventID`) VALUES (135, 'corrupti', 2, '1975-02-23', 2);
INSERT INTO `awards` (`id`, `name`, `winner`, `given`, `eventID`) VALUES (136, 'dicta', 133, '2016-08-19', 13);
INSERT INTO `awards` (`id`, `name`, `winner`, `given`, `eventID`) VALUES (138, 'esse', 3, '1994-07-11', 10);
INSERT INTO `awards` (`id`, `name`, `winner`, `given`, `eventID`) VALUES (139, 'saepe', 54, '2009-11-09', 11);
INSERT INTO `awards` (`id`, `name`, `winner`, `given`, `eventID`) VALUES (140, 'corporis', 76, '1970-01-26', 9);
INSERT INTO `awards` (`id`, `name`, `winner`, `given`, `eventID`) VALUES (143, 'distinctio', 299, '1990-05-07', 37);
INSERT INTO `awards` (`id`, `name`, `winner`, `given`, `eventID`) VALUES (150, 'modi', 294, '1981-03-01', 1);
INSERT INTO `awards` (`id`, `name`, `winner`, `given`, `eventID`) VALUES (153, 'eveniet', 289, '1981-07-02', 14);
INSERT INTO `awards` (`id`, `name`, `winner`, `given`, `eventID`) VALUES (159, 'earum', 172, '1991-04-16', 39);
INSERT INTO `awards` (`id`, `name`, `winner`, `given`, `eventID`) VALUES (162, 'animi', 31, '1990-03-09', 16);
INSERT INTO `awards` (`id`, `name`, `winner`, `given`, `eventID`) VALUES (172, 'perspiciatis', 10, '1997-10-11', 24);
INSERT INTO `awards` (`id`, `name`, `winner`, `given`, `eventID`) VALUES (174, 'est', 274, '2013-06-27', 30);
INSERT INTO `awards` (`id`, `name`, `winner`, `given`, `eventID`) VALUES (175, 'ea', 126, '2016-02-18', 49);
INSERT INTO `awards` (`id`, `name`, `winner`, `given`, `eventID`) VALUES (186, 'odio', 181, '1995-01-18', 12);
INSERT INTO `awards` (`id`, `name`, `winner`, `given`, `eventID`) VALUES (191, 'atque', 175, '2003-12-29', 5);


#
# TABLE STRUCTURE FOR: chicken
#

DROP TABLE IF EXISTS `chicken`;

CREATE TABLE `chicken` (
  `id` int(9) unsigned NOT NULL AUTO_INCREMENT,
  `personID` int(11) NOT NULL,
  `dob` date DEFAULT NULL,
  `tier` int(1) NOT NULL,
  `name` varchar(255) NOT NULL,
  `attack` int(2) NOT NULL,
  `defense` int(2) NOT NULL,
  `health` int(2) NOT NULL DEFAULT 1,
  `rank` int(11) NOT NULL,
  PRIMARY KEY (`id`),
  UNIQUE KEY `id` (`id`),
  UNIQUE KEY `rank` (`rank`),
  UNIQUE KEY `id_2` (`id`)
) ENGINE=InnoDB AUTO_INCREMENT=301 DEFAULT CHARSET=utf8;

INSERT INTO `chicken` (`id`, `personID`, `dob`, `tier`, `name`, `attack`, `defense`, `health`, `rank`) VALUES (1, 1009, '2000-03-24', 4, 'Brandy', 8, 8, 2, 89);
INSERT INTO `chicken` (`id`, `personID`, `dob`, `tier`, `name`, `attack`, `defense`, `health`, `rank`) VALUES (2, 1016, '2000-07-22', 4, 'Andreanne', 8, 0, 4, 8);
INSERT INTO `chicken` (`id`, `personID`, `dob`, `tier`, `name`, `attack`, `defense`, `health`, `rank`) VALUES (3, 1030, '2000-06-22', 7, 'Arely', 7, 6, 4, 290);
INSERT INTO `chicken` (`id`, `personID`, `dob`, `tier`, `name`, `attack`, `defense`, `health`, `rank`) VALUES (4, 1034, '2000-05-05', 0, 'Art', 7, 1, 7, 233);
INSERT INTO `chicken` (`id`, `personID`, `dob`, `tier`, `name`, `attack`, `defense`, `health`, `rank`) VALUES (5, 1049, '2000-12-01', 8, 'Corbin', 1, 9, 8, 251);
INSERT INTO `chicken` (`id`, `personID`, `dob`, `tier`, `name`, `attack`, `defense`, `health`, `rank`) VALUES (6, 1058, '2000-12-26', 8, 'Francis', 3, 3, 5, 35);
INSERT INTO `chicken` (`id`, `personID`, `dob`, `tier`, `name`, `attack`, `defense`, `health`, `rank`) VALUES (7, 1064, '2000-12-17', 7, 'Maci', 3, 6, 1, 146);
INSERT INTO `chicken` (`id`, `personID`, `dob`, `tier`, `name`, `attack`, `defense`, `health`, `rank`) VALUES (8, 1076, '2000-07-28', 3, 'Rodger', 6, 6, 9, 239);
INSERT INTO `chicken` (`id`, `personID`, `dob`, `tier`, `name`, `attack`, `defense`, `health`, `rank`) VALUES (9, 1098, '2000-09-02', 7, 'Angus', 1, 9, 0, 281);
INSERT INTO `chicken` (`id`, `personID`, `dob`, `tier`, `name`, `attack`, `defense`, `health`, `rank`) VALUES (10, 1099, '2000-10-13', 1, 'Jacinthe', 0, 2, 8, 284);
INSERT INTO `chicken` (`id`, `personID`, `dob`, `tier`, `name`, `attack`, `defense`, `health`, `rank`) VALUES (11, 1107, '2000-04-19', 4, 'Eladio', 8, 3, 7, 124);
INSERT INTO `chicken` (`id`, `personID`, `dob`, `tier`, `name`, `attack`, `defense`, `health`, `rank`) VALUES (12, 1110, '2000-01-27', 5, 'Korey', 5, 0, 8, 143);
INSERT INTO `chicken` (`id`, `personID`, `dob`, `tier`, `name`, `attack`, `defense`, `health`, `rank`) VALUES (13, 1129, '2000-02-25', 4, 'Erling', 8, 1, 6, 79);
INSERT INTO `chicken` (`id`, `personID`, `dob`, `tier`, `name`, `attack`, `defense`, `health`, `rank`) VALUES (14, 1136, '2000-12-10', 5, 'Mauricio', 6, 8, 2, 5);
INSERT INTO `chicken` (`id`, `personID`, `dob`, `tier`, `name`, `attack`, `defense`, `health`, `rank`) VALUES (15, 1144, '2000-10-11', 2, 'Oswaldo', 3, 9, 3, 83);
INSERT INTO `chicken` (`id`, `personID`, `dob`, `tier`, `name`, `attack`, `defense`, `health`, `rank`) VALUES (16, 1150, '2000-02-13', 8, 'Urban', 0, 4, 3, 265);
INSERT INTO `chicken` (`id`, `personID`, `dob`, `tier`, `name`, `attack`, `defense`, `health`, `rank`) VALUES (17, 1173, '2000-04-24', 4, 'Trever', 3, 3, 0, 48);
INSERT INTO `chicken` (`id`, `personID`, `dob`, `tier`, `name`, `attack`, `defense`, `health`, `rank`) VALUES (18, 1180, '2000-03-05', 9, 'Kirstin', 2, 7, 7, 37);
INSERT INTO `chicken` (`id`, `personID`, `dob`, `tier`, `name`, `attack`, `defense`, `health`, `rank`) VALUES (19, 1181, '2000-09-23', 1, 'Karlie', 6, 5, 8, 293);
INSERT INTO `chicken` (`id`, `personID`, `dob`, `tier`, `name`, `attack`, `defense`, `health`, `rank`) VALUES (20, 1204, '2000-01-24', 8, 'Danyka', 7, 5, 1, 294);
INSERT INTO `chicken` (`id`, `personID`, `dob`, `tier`, `name`, `attack`, `defense`, `health`, `rank`) VALUES (21, 1218, '2000-07-21', 3, 'Zackary', 0, 6, 4, 261);
INSERT INTO `chicken` (`id`, `personID`, `dob`, `tier`, `name`, `attack`, `defense`, `health`, `rank`) VALUES (22, 1239, '2000-07-29', 8, 'Tobin', 7, 1, 3, 39);
INSERT INTO `chicken` (`id`, `personID`, `dob`, `tier`, `name`, `attack`, `defense`, `health`, `rank`) VALUES (23, 1259, '2000-04-19', 1, 'Janick', 2, 7, 2, 152);
INSERT INTO `chicken` (`id`, `personID`, `dob`, `tier`, `name`, `attack`, `defense`, `health`, `rank`) VALUES (24, 1265, '2000-09-30', 4, 'Karson', 4, 3, 2, 81);
INSERT INTO `chicken` (`id`, `personID`, `dob`, `tier`, `name`, `attack`, `defense`, `health`, `rank`) VALUES (25, 1266, '2000-12-30', 1, 'Alexzander', 8, 8, 8, 144);
INSERT INTO `chicken` (`id`, `personID`, `dob`, `tier`, `name`, `attack`, `defense`, `health`, `rank`) VALUES (26, 1291, '2000-01-10', 8, 'Zachery', 3, 3, 9, 115);
INSERT INTO `chicken` (`id`, `personID`, `dob`, `tier`, `name`, `attack`, `defense`, `health`, `rank`) VALUES (27, 1301, '2000-04-06', 2, 'Alessandra', 5, 3, 5, 73);
INSERT INTO `chicken` (`id`, `personID`, `dob`, `tier`, `name`, `attack`, `defense`, `health`, `rank`) VALUES (28, 1308, '2000-08-24', 4, 'Ottis', 1, 4, 5, 153);
INSERT INTO `chicken` (`id`, `personID`, `dob`, `tier`, `name`, `attack`, `defense`, `health`, `rank`) VALUES (29, 1322, '2000-04-30', 2, 'Emilio', 1, 4, 3, 82);
INSERT INTO `chicken` (`id`, `personID`, `dob`, `tier`, `name`, `attack`, `defense`, `health`, `rank`) VALUES (30, 1339, '2000-07-26', 5, 'Dax', 6, 1, 8, 16);
INSERT INTO `chicken` (`id`, `personID`, `dob`, `tier`, `name`, `attack`, `defense`, `health`, `rank`) VALUES (31, 1371, '2000-05-07', 8, 'Kay', 9, 1, 4, 173);
INSERT INTO `chicken` (`id`, `personID`, `dob`, `tier`, `name`, `attack`, `defense`, `health`, `rank`) VALUES (32, 1376, '2000-12-11', 2, 'Uriel', 5, 2, 7, 213);
INSERT INTO `chicken` (`id`, `personID`, `dob`, `tier`, `name`, `attack`, `defense`, `health`, `rank`) VALUES (33, 1380, '2000-03-18', 3, 'Eveline', 9, 1, 9, 138);
INSERT INTO `chicken` (`id`, `personID`, `dob`, `tier`, `name`, `attack`, `defense`, `health`, `rank`) VALUES (34, 1443, '2000-02-21', 5, 'Myrtle', 9, 6, 4, 235);
INSERT INTO `chicken` (`id`, `personID`, `dob`, `tier`, `name`, `attack`, `defense`, `health`, `rank`) VALUES (35, 1444, '2000-05-04', 7, 'Colin', 5, 6, 5, 111);
INSERT INTO `chicken` (`id`, `personID`, `dob`, `tier`, `name`, `attack`, `defense`, `health`, `rank`) VALUES (36, 1450, '2000-10-13', 1, 'Melvina', 9, 7, 0, 300);
INSERT INTO `chicken` (`id`, `personID`, `dob`, `tier`, `name`, `attack`, `defense`, `health`, `rank`) VALUES (37, 1462, '2000-03-10', 2, 'Frederick', 6, 9, 0, 119);
INSERT INTO `chicken` (`id`, `personID`, `dob`, `tier`, `name`, `attack`, `defense`, `health`, `rank`) VALUES (38, 1464, '2000-03-28', 0, 'Amely', 6, 1, 8, 65);
INSERT INTO `chicken` (`id`, `personID`, `dob`, `tier`, `name`, `attack`, `defense`, `health`, `rank`) VALUES (39, 1465, '2000-06-12', 4, 'David', 1, 0, 3, 98);
INSERT INTO `chicken` (`id`, `personID`, `dob`, `tier`, `name`, `attack`, `defense`, `health`, `rank`) VALUES (40, 1468, '2000-11-18', 9, 'Art', 6, 5, 4, 139);
INSERT INTO `chicken` (`id`, `personID`, `dob`, `tier`, `name`, `attack`, `defense`, `health`, `rank`) VALUES (41, 1478, '2000-10-14', 8, 'Cordell', 5, 1, 2, 204);
INSERT INTO `chicken` (`id`, `personID`, `dob`, `tier`, `name`, `attack`, `defense`, `health`, `rank`) VALUES (42, 1482, '2000-08-06', 0, 'Jairo', 6, 5, 8, 227);
INSERT INTO `chicken` (`id`, `personID`, `dob`, `tier`, `name`, `attack`, `defense`, `health`, `rank`) VALUES (43, 1490, '2000-05-22', 3, 'Creola', 4, 4, 7, 279);
INSERT INTO `chicken` (`id`, `personID`, `dob`, `tier`, `name`, `attack`, `defense`, `health`, `rank`) VALUES (44, 1492, '2000-12-16', 5, 'Leopold', 1, 3, 9, 57);
INSERT INTO `chicken` (`id`, `personID`, `dob`, `tier`, `name`, `attack`, `defense`, `health`, `rank`) VALUES (45, 1507, '2000-06-06', 0, 'Dawn', 7, 5, 6, 54);
INSERT INTO `chicken` (`id`, `personID`, `dob`, `tier`, `name`, `attack`, `defense`, `health`, `rank`) VALUES (46, 1511, '2000-04-01', 8, 'Ransom', 5, 3, 1, 67);
INSERT INTO `chicken` (`id`, `personID`, `dob`, `tier`, `name`, `attack`, `defense`, `health`, `rank`) VALUES (47, 1520, '2000-10-26', 4, 'Wendy', 1, 4, 3, 33);
INSERT INTO `chicken` (`id`, `personID`, `dob`, `tier`, `name`, `attack`, `defense`, `health`, `rank`) VALUES (48, 1528, '2000-11-13', 4, 'Salma', 0, 0, 1, 154);
INSERT INTO `chicken` (`id`, `personID`, `dob`, `tier`, `name`, `attack`, `defense`, `health`, `rank`) VALUES (49, 1529, '2000-01-01', 0, 'Travon', 8, 7, 7, 172);
INSERT INTO `chicken` (`id`, `personID`, `dob`, `tier`, `name`, `attack`, `defense`, `health`, `rank`) VALUES (50, 1530, '2000-11-12', 1, 'Elvie', 0, 0, 9, 106);
INSERT INTO `chicken` (`id`, `personID`, `dob`, `tier`, `name`, `attack`, `defense`, `health`, `rank`) VALUES (51, 1533, '2000-06-23', 0, 'Naomie', 0, 2, 1, 222);
INSERT INTO `chicken` (`id`, `personID`, `dob`, `tier`, `name`, `attack`, `defense`, `health`, `rank`) VALUES (52, 1538, '2000-08-31', 2, 'Zaria', 6, 0, 1, 28);
INSERT INTO `chicken` (`id`, `personID`, `dob`, `tier`, `name`, `attack`, `defense`, `health`, `rank`) VALUES (53, 1541, '2000-11-27', 0, 'Loyal', 5, 9, 4, 180);
INSERT INTO `chicken` (`id`, `personID`, `dob`, `tier`, `name`, `attack`, `defense`, `health`, `rank`) VALUES (54, 1545, '2000-07-10', 2, 'Freida', 7, 0, 5, 218);
INSERT INTO `chicken` (`id`, `personID`, `dob`, `tier`, `name`, `attack`, `defense`, `health`, `rank`) VALUES (55, 1549, '2000-07-17', 6, 'Gaston', 8, 3, 2, 29);
INSERT INTO `chicken` (`id`, `personID`, `dob`, `tier`, `name`, `attack`, `defense`, `health`, `rank`) VALUES (56, 1574, '2000-09-28', 2, 'Jerrold', 8, 7, 7, 150);
INSERT INTO `chicken` (`id`, `personID`, `dob`, `tier`, `name`, `attack`, `defense`, `health`, `rank`) VALUES (57, 1592, '2000-09-09', 9, 'Gardner', 3, 8, 6, 181);
INSERT INTO `chicken` (`id`, `personID`, `dob`, `tier`, `name`, `attack`, `defense`, `health`, `rank`) VALUES (58, 1598, '2000-11-25', 2, 'Claudie', 6, 8, 5, 187);
INSERT INTO `chicken` (`id`, `personID`, `dob`, `tier`, `name`, `attack`, `defense`, `health`, `rank`) VALUES (59, 1600, '2000-08-24', 7, 'Lauretta', 5, 9, 6, 289);
INSERT INTO `chicken` (`id`, `personID`, `dob`, `tier`, `name`, `attack`, `defense`, `health`, `rank`) VALUES (60, 1611, '2000-11-01', 6, 'Okey', 9, 5, 0, 60);
INSERT INTO `chicken` (`id`, `personID`, `dob`, `tier`, `name`, `attack`, `defense`, `health`, `rank`) VALUES (61, 1615, '2000-08-16', 7, 'Jermey', 7, 8, 1, 209);
INSERT INTO `chicken` (`id`, `personID`, `dob`, `tier`, `name`, `attack`, `defense`, `health`, `rank`) VALUES (62, 1618, '2000-10-08', 2, 'Kailyn', 2, 6, 3, 69);
INSERT INTO `chicken` (`id`, `personID`, `dob`, `tier`, `name`, `attack`, `defense`, `health`, `rank`) VALUES (63, 1619, '2000-03-30', 3, 'Levi', 1, 4, 4, 262);
INSERT INTO `chicken` (`id`, `personID`, `dob`, `tier`, `name`, `attack`, `defense`, `health`, `rank`) VALUES (64, 1624, '2000-07-12', 7, 'Declan', 7, 3, 9, 75);
INSERT INTO `chicken` (`id`, `personID`, `dob`, `tier`, `name`, `attack`, `defense`, `health`, `rank`) VALUES (65, 1637, '2000-10-23', 8, 'Grace', 2, 9, 8, 246);
INSERT INTO `chicken` (`id`, `personID`, `dob`, `tier`, `name`, `attack`, `defense`, `health`, `rank`) VALUES (66, 1642, '2000-05-20', 5, 'Brandi', 3, 0, 4, 101);
INSERT INTO `chicken` (`id`, `personID`, `dob`, `tier`, `name`, `attack`, `defense`, `health`, `rank`) VALUES (67, 1655, '2000-03-07', 1, 'Rey', 4, 9, 0, 92);
INSERT INTO `chicken` (`id`, `personID`, `dob`, `tier`, `name`, `attack`, `defense`, `health`, `rank`) VALUES (68, 1658, '2000-11-28', 6, 'Kaycee', 4, 8, 3, 189);
INSERT INTO `chicken` (`id`, `personID`, `dob`, `tier`, `name`, `attack`, `defense`, `health`, `rank`) VALUES (69, 1691, '2000-08-07', 4, 'Lincoln', 0, 1, 1, 127);
INSERT INTO `chicken` (`id`, `personID`, `dob`, `tier`, `name`, `attack`, `defense`, `health`, `rank`) VALUES (70, 1696, '2000-04-22', 0, 'Louisa', 9, 1, 9, 77);
INSERT INTO `chicken` (`id`, `personID`, `dob`, `tier`, `name`, `attack`, `defense`, `health`, `rank`) VALUES (71, 1702, '2000-07-05', 1, 'Tiara', 2, 6, 9, 145);
INSERT INTO `chicken` (`id`, `personID`, `dob`, `tier`, `name`, `attack`, `defense`, `health`, `rank`) VALUES (72, 1703, '2000-01-03', 6, 'Paula', 3, 5, 2, 171);
INSERT INTO `chicken` (`id`, `personID`, `dob`, `tier`, `name`, `attack`, `defense`, `health`, `rank`) VALUES (73, 1705, '2000-07-06', 3, 'Frieda', 4, 1, 1, 99);
INSERT INTO `chicken` (`id`, `personID`, `dob`, `tier`, `name`, `attack`, `defense`, `health`, `rank`) VALUES (74, 1723, '2000-03-19', 8, 'Lourdes', 6, 2, 9, 38);
INSERT INTO `chicken` (`id`, `personID`, `dob`, `tier`, `name`, `attack`, `defense`, `health`, `rank`) VALUES (75, 1735, '2000-06-14', 1, 'Eleanora', 2, 7, 4, 108);
INSERT INTO `chicken` (`id`, `personID`, `dob`, `tier`, `name`, `attack`, `defense`, `health`, `rank`) VALUES (76, 1739, '2000-02-07', 5, 'Maurine', 5, 4, 1, 85);
INSERT INTO `chicken` (`id`, `personID`, `dob`, `tier`, `name`, `attack`, `defense`, `health`, `rank`) VALUES (77, 1746, '2000-02-02', 2, 'Stefan', 1, 6, 1, 9);
INSERT INTO `chicken` (`id`, `personID`, `dob`, `tier`, `name`, `attack`, `defense`, `health`, `rank`) VALUES (78, 1749, '2000-04-06', 1, 'Marge', 2, 3, 8, 20);
INSERT INTO `chicken` (`id`, `personID`, `dob`, `tier`, `name`, `attack`, `defense`, `health`, `rank`) VALUES (79, 1776, '2000-09-23', 6, 'Judah', 3, 6, 4, 185);
INSERT INTO `chicken` (`id`, `personID`, `dob`, `tier`, `name`, `attack`, `defense`, `health`, `rank`) VALUES (80, 1778, '2000-01-15', 3, 'Melyna', 6, 1, 9, 214);
INSERT INTO `chicken` (`id`, `personID`, `dob`, `tier`, `name`, `attack`, `defense`, `health`, `rank`) VALUES (81, 1805, '2000-07-09', 5, 'Janick', 5, 4, 2, 134);
INSERT INTO `chicken` (`id`, `personID`, `dob`, `tier`, `name`, `attack`, `defense`, `health`, `rank`) VALUES (82, 1820, '2000-02-04', 8, 'Wava', 3, 3, 8, 196);
INSERT INTO `chicken` (`id`, `personID`, `dob`, `tier`, `name`, `attack`, `defense`, `health`, `rank`) VALUES (83, 1832, '2000-11-18', 6, 'Lenny', 5, 4, 1, 140);
INSERT INTO `chicken` (`id`, `personID`, `dob`, `tier`, `name`, `attack`, `defense`, `health`, `rank`) VALUES (84, 1834, '2000-04-04', 7, 'Kathleen', 6, 7, 9, 125);
INSERT INTO `chicken` (`id`, `personID`, `dob`, `tier`, `name`, `attack`, `defense`, `health`, `rank`) VALUES (85, 1862, '2000-12-25', 3, 'Raphael', 4, 2, 7, 59);
INSERT INTO `chicken` (`id`, `personID`, `dob`, `tier`, `name`, `attack`, `defense`, `health`, `rank`) VALUES (86, 1866, '2000-04-04', 2, 'Abe', 8, 7, 7, 288);
INSERT INTO `chicken` (`id`, `personID`, `dob`, `tier`, `name`, `attack`, `defense`, `health`, `rank`) VALUES (87, 1894, '2000-03-24', 1, 'Margaretta', 2, 9, 3, 41);
INSERT INTO `chicken` (`id`, `personID`, `dob`, `tier`, `name`, `attack`, `defense`, `health`, `rank`) VALUES (88, 1895, '2000-06-15', 5, 'Kayden', 5, 9, 5, 105);
INSERT INTO `chicken` (`id`, `personID`, `dob`, `tier`, `name`, `attack`, `defense`, `health`, `rank`) VALUES (89, 1905, '2000-09-24', 9, 'Esta', 1, 1, 2, 52);
INSERT INTO `chicken` (`id`, `personID`, `dob`, `tier`, `name`, `attack`, `defense`, `health`, `rank`) VALUES (90, 1919, '2000-04-09', 5, 'Soledad', 5, 2, 5, 51);
INSERT INTO `chicken` (`id`, `personID`, `dob`, `tier`, `name`, `attack`, `defense`, `health`, `rank`) VALUES (91, 1923, '2000-06-10', 0, 'Ashtyn', 6, 6, 5, 135);
INSERT INTO `chicken` (`id`, `personID`, `dob`, `tier`, `name`, `attack`, `defense`, `health`, `rank`) VALUES (92, 1930, '2000-11-21', 0, 'Dessie', 4, 7, 0, 269);
INSERT INTO `chicken` (`id`, `personID`, `dob`, `tier`, `name`, `attack`, `defense`, `health`, `rank`) VALUES (93, 1933, '2000-03-14', 2, 'Colleen', 3, 4, 7, 220);
INSERT INTO `chicken` (`id`, `personID`, `dob`, `tier`, `name`, `attack`, `defense`, `health`, `rank`) VALUES (94, 1938, '2000-08-05', 6, 'Jacinthe', 0, 0, 4, 1);
INSERT INTO `chicken` (`id`, `personID`, `dob`, `tier`, `name`, `attack`, `defense`, `health`, `rank`) VALUES (95, 1943, '2000-09-05', 1, 'Vinnie', 9, 2, 7, 17);
INSERT INTO `chicken` (`id`, `personID`, `dob`, `tier`, `name`, `attack`, `defense`, `health`, `rank`) VALUES (96, 1966, '2000-07-13', 9, 'Art', 0, 4, 9, 274);
INSERT INTO `chicken` (`id`, `personID`, `dob`, `tier`, `name`, `attack`, `defense`, `health`, `rank`) VALUES (97, 1984, '2000-02-04', 8, 'Coby', 9, 6, 1, 186);
INSERT INTO `chicken` (`id`, `personID`, `dob`, `tier`, `name`, `attack`, `defense`, `health`, `rank`) VALUES (98, 1987, '2000-09-09', 6, 'Mark', 7, 2, 0, 4);
INSERT INTO `chicken` (`id`, `personID`, `dob`, `tier`, `name`, `attack`, `defense`, `health`, `rank`) VALUES (99, 1995, '2000-12-18', 6, 'Jeanette', 5, 1, 6, 74);
INSERT INTO `chicken` (`id`, `personID`, `dob`, `tier`, `name`, `attack`, `defense`, `health`, `rank`) VALUES (100, 2000, '2000-07-02', 8, 'Autumn', 0, 9, 9, 291);
INSERT INTO `chicken` (`id`, `personID`, `dob`, `tier`, `name`, `attack`, `defense`, `health`, `rank`) VALUES (101, 1009, '2000-10-10', 7, 'Liana', 9, 4, 9, 271);
INSERT INTO `chicken` (`id`, `personID`, `dob`, `tier`, `name`, `attack`, `defense`, `health`, `rank`) VALUES (102, 1016, '2000-07-23', 4, 'Iliana', 6, 6, 1, 56);
INSERT INTO `chicken` (`id`, `personID`, `dob`, `tier`, `name`, `attack`, `defense`, `health`, `rank`) VALUES (103, 1030, '2000-09-10', 0, 'Addie', 2, 9, 2, 58);
INSERT INTO `chicken` (`id`, `personID`, `dob`, `tier`, `name`, `attack`, `defense`, `health`, `rank`) VALUES (104, 1034, '2000-06-05', 2, 'Betsy', 3, 0, 7, 205);
INSERT INTO `chicken` (`id`, `personID`, `dob`, `tier`, `name`, `attack`, `defense`, `health`, `rank`) VALUES (105, 1049, '2000-04-05', 9, 'Arjun', 7, 4, 2, 104);
INSERT INTO `chicken` (`id`, `personID`, `dob`, `tier`, `name`, `attack`, `defense`, `health`, `rank`) VALUES (106, 1058, '2000-05-06', 3, 'Perry', 4, 3, 0, 229);
INSERT INTO `chicken` (`id`, `personID`, `dob`, `tier`, `name`, `attack`, `defense`, `health`, `rank`) VALUES (107, 1064, '2000-01-16', 6, 'Logan', 5, 7, 3, 11);
INSERT INTO `chicken` (`id`, `personID`, `dob`, `tier`, `name`, `attack`, `defense`, `health`, `rank`) VALUES (108, 1076, '2000-08-11', 1, 'Berenice', 0, 2, 6, 234);
INSERT INTO `chicken` (`id`, `personID`, `dob`, `tier`, `name`, `attack`, `defense`, `health`, `rank`) VALUES (109, 1098, '2000-06-30', 0, 'Jordy', 7, 9, 0, 126);
INSERT INTO `chicken` (`id`, `personID`, `dob`, `tier`, `name`, `attack`, `defense`, `health`, `rank`) VALUES (110, 1099, '2000-05-11', 2, 'Michele', 8, 4, 7, 277);
INSERT INTO `chicken` (`id`, `personID`, `dob`, `tier`, `name`, `attack`, `defense`, `health`, `rank`) VALUES (111, 1107, '2000-06-26', 9, 'Zelma', 5, 8, 8, 31);
INSERT INTO `chicken` (`id`, `personID`, `dob`, `tier`, `name`, `attack`, `defense`, `health`, `rank`) VALUES (112, 1110, '2000-07-30', 9, 'Eloise', 4, 8, 1, 244);
INSERT INTO `chicken` (`id`, `personID`, `dob`, `tier`, `name`, `attack`, `defense`, `health`, `rank`) VALUES (113, 1129, '2000-04-28', 6, 'Sandrine', 3, 7, 0, 259);
INSERT INTO `chicken` (`id`, `personID`, `dob`, `tier`, `name`, `attack`, `defense`, `health`, `rank`) VALUES (114, 1136, '2000-01-07', 4, 'Maia', 3, 4, 0, 137);
INSERT INTO `chicken` (`id`, `personID`, `dob`, `tier`, `name`, `attack`, `defense`, `health`, `rank`) VALUES (115, 1144, '2000-04-22', 7, 'Brielle', 6, 1, 5, 283);
INSERT INTO `chicken` (`id`, `personID`, `dob`, `tier`, `name`, `attack`, `defense`, `health`, `rank`) VALUES (116, 1150, '2000-02-13', 3, 'Deanna', 6, 0, 3, 231);
INSERT INTO `chicken` (`id`, `personID`, `dob`, `tier`, `name`, `attack`, `defense`, `health`, `rank`) VALUES (117, 1173, '2000-04-02', 5, 'Mariela', 2, 2, 1, 116);
INSERT INTO `chicken` (`id`, `personID`, `dob`, `tier`, `name`, `attack`, `defense`, `health`, `rank`) VALUES (118, 1180, '2000-11-09', 0, 'Icie', 7, 8, 2, 13);
INSERT INTO `chicken` (`id`, `personID`, `dob`, `tier`, `name`, `attack`, `defense`, `health`, `rank`) VALUES (119, 1181, '2000-09-22', 9, 'Sandy', 7, 3, 9, 107);
INSERT INTO `chicken` (`id`, `personID`, `dob`, `tier`, `name`, `attack`, `defense`, `health`, `rank`) VALUES (120, 1204, '2000-06-06', 4, 'Stanton', 6, 5, 5, 296);
INSERT INTO `chicken` (`id`, `personID`, `dob`, `tier`, `name`, `attack`, `defense`, `health`, `rank`) VALUES (121, 1218, '2000-02-25', 8, 'Estelle', 4, 2, 9, 263);
INSERT INTO `chicken` (`id`, `personID`, `dob`, `tier`, `name`, `attack`, `defense`, `health`, `rank`) VALUES (122, 1239, '2000-08-31', 7, 'Robin', 7, 5, 1, 195);
INSERT INTO `chicken` (`id`, `personID`, `dob`, `tier`, `name`, `attack`, `defense`, `health`, `rank`) VALUES (123, 1259, '2000-03-30', 6, 'Kellen', 9, 2, 7, 179);
INSERT INTO `chicken` (`id`, `personID`, `dob`, `tier`, `name`, `attack`, `defense`, `health`, `rank`) VALUES (124, 1265, '2000-02-17', 7, 'Lia', 7, 6, 6, 266);
INSERT INTO `chicken` (`id`, `personID`, `dob`, `tier`, `name`, `attack`, `defense`, `health`, `rank`) VALUES (125, 1266, '2000-11-04', 2, 'Jan', 7, 3, 2, 136);
INSERT INTO `chicken` (`id`, `personID`, `dob`, `tier`, `name`, `attack`, `defense`, `health`, `rank`) VALUES (126, 1291, '2000-02-05', 7, 'Kitty', 0, 1, 1, 121);
INSERT INTO `chicken` (`id`, `personID`, `dob`, `tier`, `name`, `attack`, `defense`, `health`, `rank`) VALUES (127, 1301, '2000-09-12', 3, 'Adonis', 1, 1, 0, 247);
INSERT INTO `chicken` (`id`, `personID`, `dob`, `tier`, `name`, `attack`, `defense`, `health`, `rank`) VALUES (128, 1308, '2000-02-25', 4, 'Rosalinda', 0, 9, 1, 258);
INSERT INTO `chicken` (`id`, `personID`, `dob`, `tier`, `name`, `attack`, `defense`, `health`, `rank`) VALUES (129, 1322, '2000-11-21', 0, 'Micah', 2, 7, 4, 238);
INSERT INTO `chicken` (`id`, `personID`, `dob`, `tier`, `name`, `attack`, `defense`, `health`, `rank`) VALUES (130, 1339, '2000-09-05', 6, 'Cynthia', 7, 6, 3, 254);
INSERT INTO `chicken` (`id`, `personID`, `dob`, `tier`, `name`, `attack`, `defense`, `health`, `rank`) VALUES (131, 1371, '2000-05-24', 6, 'Shaina', 6, 5, 4, 210);
INSERT INTO `chicken` (`id`, `personID`, `dob`, `tier`, `name`, `attack`, `defense`, `health`, `rank`) VALUES (132, 1376, '2000-03-19', 9, 'Trisha', 5, 6, 3, 112);
INSERT INTO `chicken` (`id`, `personID`, `dob`, `tier`, `name`, `attack`, `defense`, `health`, `rank`) VALUES (133, 1380, '2000-07-03', 7, 'Tara', 5, 7, 7, 95);
INSERT INTO `chicken` (`id`, `personID`, `dob`, `tier`, `name`, `attack`, `defense`, `health`, `rank`) VALUES (134, 1443, '2000-03-27', 9, 'Lulu', 2, 1, 8, 155);
INSERT INTO `chicken` (`id`, `personID`, `dob`, `tier`, `name`, `attack`, `defense`, `health`, `rank`) VALUES (135, 1444, '2000-04-20', 3, 'Leatha', 3, 8, 3, 292);
INSERT INTO `chicken` (`id`, `personID`, `dob`, `tier`, `name`, `attack`, `defense`, `health`, `rank`) VALUES (136, 1450, '2000-07-11', 7, 'Alison', 0, 9, 0, 250);
INSERT INTO `chicken` (`id`, `personID`, `dob`, `tier`, `name`, `attack`, `defense`, `health`, `rank`) VALUES (137, 1462, '2000-04-22', 5, 'Tanya', 1, 9, 1, 230);
INSERT INTO `chicken` (`id`, `personID`, `dob`, `tier`, `name`, `attack`, `defense`, `health`, `rank`) VALUES (138, 1464, '2000-12-23', 2, 'Augusta', 2, 6, 3, 12);
INSERT INTO `chicken` (`id`, `personID`, `dob`, `tier`, `name`, `attack`, `defense`, `health`, `rank`) VALUES (139, 1465, '2000-07-19', 6, 'Laney', 6, 6, 4, 94);
INSERT INTO `chicken` (`id`, `personID`, `dob`, `tier`, `name`, `attack`, `defense`, `health`, `rank`) VALUES (140, 1468, '2000-05-31', 1, 'Shayna', 4, 4, 6, 223);
INSERT INTO `chicken` (`id`, `personID`, `dob`, `tier`, `name`, `attack`, `defense`, `health`, `rank`) VALUES (141, 1478, '2000-12-02', 5, 'Josefina', 7, 8, 8, 40);
INSERT INTO `chicken` (`id`, `personID`, `dob`, `tier`, `name`, `attack`, `defense`, `health`, `rank`) VALUES (142, 1482, '2000-05-23', 9, 'Sonya', 8, 9, 0, 178);
INSERT INTO `chicken` (`id`, `personID`, `dob`, `tier`, `name`, `attack`, `defense`, `health`, `rank`) VALUES (143, 1490, '2000-11-06', 3, 'Noemy', 0, 5, 4, 68);
INSERT INTO `chicken` (`id`, `personID`, `dob`, `tier`, `name`, `attack`, `defense`, `health`, `rank`) VALUES (144, 1492, '2000-07-13', 1, 'Dedric', 3, 1, 0, 55);
INSERT INTO `chicken` (`id`, `personID`, `dob`, `tier`, `name`, `attack`, `defense`, `health`, `rank`) VALUES (145, 1507, '2000-02-11', 3, 'Mabelle', 1, 3, 9, 248);
INSERT INTO `chicken` (`id`, `personID`, `dob`, `tier`, `name`, `attack`, `defense`, `health`, `rank`) VALUES (146, 1511, '2000-09-27', 8, 'Kennedy', 9, 7, 4, 117);
INSERT INTO `chicken` (`id`, `personID`, `dob`, `tier`, `name`, `attack`, `defense`, `health`, `rank`) VALUES (147, 1520, '2000-01-01', 4, 'Mona', 4, 4, 2, 273);
INSERT INTO `chicken` (`id`, `personID`, `dob`, `tier`, `name`, `attack`, `defense`, `health`, `rank`) VALUES (148, 1528, '2000-01-26', 9, 'Vernice', 7, 7, 5, 50);
INSERT INTO `chicken` (`id`, `personID`, `dob`, `tier`, `name`, `attack`, `defense`, `health`, `rank`) VALUES (149, 1529, '2000-09-01', 4, 'Tatum', 2, 0, 8, 241);
INSERT INTO `chicken` (`id`, `personID`, `dob`, `tier`, `name`, `attack`, `defense`, `health`, `rank`) VALUES (150, 1530, '2000-04-02', 1, 'Murl', 9, 6, 8, 86);
INSERT INTO `chicken` (`id`, `personID`, `dob`, `tier`, `name`, `attack`, `defense`, `health`, `rank`) VALUES (151, 1533, '2000-04-25', 6, 'Chandler', 7, 4, 0, 113);
INSERT INTO `chicken` (`id`, `personID`, `dob`, `tier`, `name`, `attack`, `defense`, `health`, `rank`) VALUES (152, 1538, '2000-10-21', 9, 'Elvie', 4, 7, 3, 32);
INSERT INTO `chicken` (`id`, `personID`, `dob`, `tier`, `name`, `attack`, `defense`, `health`, `rank`) VALUES (153, 1541, '2000-10-18', 3, 'Marta', 8, 7, 8, 36);
INSERT INTO `chicken` (`id`, `personID`, `dob`, `tier`, `name`, `attack`, `defense`, `health`, `rank`) VALUES (154, 1545, '2000-05-12', 7, 'Moshe', 0, 2, 9, 148);
INSERT INTO `chicken` (`id`, `personID`, `dob`, `tier`, `name`, `attack`, `defense`, `health`, `rank`) VALUES (155, 1549, '2000-05-25', 8, 'Hayley', 4, 2, 0, 208);
INSERT INTO `chicken` (`id`, `personID`, `dob`, `tier`, `name`, `attack`, `defense`, `health`, `rank`) VALUES (156, 1574, '2000-11-16', 5, 'Sage', 9, 7, 0, 61);
INSERT INTO `chicken` (`id`, `personID`, `dob`, `tier`, `name`, `attack`, `defense`, `health`, `rank`) VALUES (157, 1592, '2000-11-18', 5, 'Chad', 1, 0, 9, 188);
INSERT INTO `chicken` (`id`, `personID`, `dob`, `tier`, `name`, `attack`, `defense`, `health`, `rank`) VALUES (158, 1598, '2000-05-11', 6, 'Jannie', 4, 9, 0, 198);
INSERT INTO `chicken` (`id`, `personID`, `dob`, `tier`, `name`, `attack`, `defense`, `health`, `rank`) VALUES (159, 1600, '2000-05-30', 3, 'Eldred', 4, 9, 3, 149);
INSERT INTO `chicken` (`id`, `personID`, `dob`, `tier`, `name`, `attack`, `defense`, `health`, `rank`) VALUES (160, 1611, '2000-10-28', 7, 'Jailyn', 8, 7, 6, 245);
INSERT INTO `chicken` (`id`, `personID`, `dob`, `tier`, `name`, `attack`, `defense`, `health`, `rank`) VALUES (161, 1615, '2000-10-26', 5, 'Princess', 9, 2, 1, 93);
INSERT INTO `chicken` (`id`, `personID`, `dob`, `tier`, `name`, `attack`, `defense`, `health`, `rank`) VALUES (162, 1618, '2000-06-01', 5, 'Serena', 7, 5, 9, 243);
INSERT INTO `chicken` (`id`, `personID`, `dob`, `tier`, `name`, `attack`, `defense`, `health`, `rank`) VALUES (163, 1619, '2000-10-03', 9, 'Bryana', 5, 8, 8, 45);
INSERT INTO `chicken` (`id`, `personID`, `dob`, `tier`, `name`, `attack`, `defense`, `health`, `rank`) VALUES (164, 1624, '2000-09-16', 9, 'Fred', 5, 5, 2, 53);
INSERT INTO `chicken` (`id`, `personID`, `dob`, `tier`, `name`, `attack`, `defense`, `health`, `rank`) VALUES (165, 1637, '2000-11-06', 9, 'Cleveland', 4, 7, 4, 14);
INSERT INTO `chicken` (`id`, `personID`, `dob`, `tier`, `name`, `attack`, `defense`, `health`, `rank`) VALUES (166, 1642, '2000-07-06', 9, 'Brandy', 0, 2, 6, 128);
INSERT INTO `chicken` (`id`, `personID`, `dob`, `tier`, `name`, `attack`, `defense`, `health`, `rank`) VALUES (167, 1655, '2000-04-14', 3, 'Fidel', 4, 2, 8, 275);
INSERT INTO `chicken` (`id`, `personID`, `dob`, `tier`, `name`, `attack`, `defense`, `health`, `rank`) VALUES (168, 1658, '2000-09-29', 9, 'Zackery', 4, 7, 6, 72);
INSERT INTO `chicken` (`id`, `personID`, `dob`, `tier`, `name`, `attack`, `defense`, `health`, `rank`) VALUES (169, 1691, '2000-11-02', 2, 'Titus', 9, 0, 5, 193);
INSERT INTO `chicken` (`id`, `personID`, `dob`, `tier`, `name`, `attack`, `defense`, `health`, `rank`) VALUES (170, 1696, '2000-10-20', 4, 'Edna', 4, 7, 9, 270);
INSERT INTO `chicken` (`id`, `personID`, `dob`, `tier`, `name`, `attack`, `defense`, `health`, `rank`) VALUES (171, 1702, '2000-02-07', 0, 'Francesca', 1, 1, 1, 182);
INSERT INTO `chicken` (`id`, `personID`, `dob`, `tier`, `name`, `attack`, `defense`, `health`, `rank`) VALUES (172, 1703, '2000-02-11', 1, 'Enrico', 1, 9, 1, 87);
INSERT INTO `chicken` (`id`, `personID`, `dob`, `tier`, `name`, `attack`, `defense`, `health`, `rank`) VALUES (173, 1705, '2000-10-13', 1, 'Boyd', 9, 6, 4, 278);
INSERT INTO `chicken` (`id`, `personID`, `dob`, `tier`, `name`, `attack`, `defense`, `health`, `rank`) VALUES (174, 1723, '2000-11-07', 0, 'Ulices', 5, 8, 1, 249);
INSERT INTO `chicken` (`id`, `personID`, `dob`, `tier`, `name`, `attack`, `defense`, `health`, `rank`) VALUES (175, 1735, '2000-07-02', 4, 'Ellen', 7, 8, 7, 217);
INSERT INTO `chicken` (`id`, `personID`, `dob`, `tier`, `name`, `attack`, `defense`, `health`, `rank`) VALUES (176, 1739, '2000-08-14', 2, 'Thaddeus', 5, 5, 9, 10);
INSERT INTO `chicken` (`id`, `personID`, `dob`, `tier`, `name`, `attack`, `defense`, `health`, `rank`) VALUES (177, 1746, '2000-07-29', 4, 'Trey', 6, 9, 1, 165);
INSERT INTO `chicken` (`id`, `personID`, `dob`, `tier`, `name`, `attack`, `defense`, `health`, `rank`) VALUES (178, 1749, '2000-09-01', 6, 'Nadia', 8, 4, 1, 199);
INSERT INTO `chicken` (`id`, `personID`, `dob`, `tier`, `name`, `attack`, `defense`, `health`, `rank`) VALUES (179, 1776, '2000-02-06', 0, 'Darren', 3, 1, 0, 232);
INSERT INTO `chicken` (`id`, `personID`, `dob`, `tier`, `name`, `attack`, `defense`, `health`, `rank`) VALUES (180, 1778, '2000-09-11', 6, 'Garry', 7, 4, 0, 228);
INSERT INTO `chicken` (`id`, `personID`, `dob`, `tier`, `name`, `attack`, `defense`, `health`, `rank`) VALUES (181, 1805, '2000-08-15', 6, 'Tommie', 1, 8, 7, 215);
INSERT INTO `chicken` (`id`, `personID`, `dob`, `tier`, `name`, `attack`, `defense`, `health`, `rank`) VALUES (182, 1820, '2000-08-23', 0, 'Haven', 1, 0, 6, 167);
INSERT INTO `chicken` (`id`, `personID`, `dob`, `tier`, `name`, `attack`, `defense`, `health`, `rank`) VALUES (183, 1832, '2000-01-30', 9, 'Greg', 8, 1, 0, 44);
INSERT INTO `chicken` (`id`, `personID`, `dob`, `tier`, `name`, `attack`, `defense`, `health`, `rank`) VALUES (184, 1834, '2000-09-12', 5, 'Tyreek', 5, 9, 1, 42);
INSERT INTO `chicken` (`id`, `personID`, `dob`, `tier`, `name`, `attack`, `defense`, `health`, `rank`) VALUES (185, 1862, '2000-08-30', 8, 'Gabe', 3, 9, 7, 78);
INSERT INTO `chicken` (`id`, `personID`, `dob`, `tier`, `name`, `attack`, `defense`, `health`, `rank`) VALUES (186, 1866, '2000-11-23', 4, 'Antwan', 3, 6, 2, 267);
INSERT INTO `chicken` (`id`, `personID`, `dob`, `tier`, `name`, `attack`, `defense`, `health`, `rank`) VALUES (187, 1894, '2000-10-06', 3, 'Kathryn', 0, 8, 4, 142);
INSERT INTO `chicken` (`id`, `personID`, `dob`, `tier`, `name`, `attack`, `defense`, `health`, `rank`) VALUES (188, 1895, '2000-03-28', 2, 'Jazlyn', 6, 2, 3, 256);
INSERT INTO `chicken` (`id`, `personID`, `dob`, `tier`, `name`, `attack`, `defense`, `health`, `rank`) VALUES (189, 1905, '2000-06-24', 7, 'Sandy', 6, 8, 9, 240);
INSERT INTO `chicken` (`id`, `personID`, `dob`, `tier`, `name`, `attack`, `defense`, `health`, `rank`) VALUES (190, 1919, '2000-04-16', 0, 'Evert', 3, 7, 0, 123);
INSERT INTO `chicken` (`id`, `personID`, `dob`, `tier`, `name`, `attack`, `defense`, `health`, `rank`) VALUES (191, 1923, '2000-08-25', 4, 'Zachery', 4, 3, 1, 63);
INSERT INTO `chicken` (`id`, `personID`, `dob`, `tier`, `name`, `attack`, `defense`, `health`, `rank`) VALUES (192, 1930, '2000-08-17', 7, 'Manley', 4, 1, 6, 201);
INSERT INTO `chicken` (`id`, `personID`, `dob`, `tier`, `name`, `attack`, `defense`, `health`, `rank`) VALUES (193, 1933, '2000-09-03', 6, 'Garfield', 5, 2, 5, 166);
INSERT INTO `chicken` (`id`, `personID`, `dob`, `tier`, `name`, `attack`, `defense`, `health`, `rank`) VALUES (194, 1938, '2000-07-15', 0, 'Guillermo', 4, 7, 6, 110);
INSERT INTO `chicken` (`id`, `personID`, `dob`, `tier`, `name`, `attack`, `defense`, `health`, `rank`) VALUES (195, 1943, '2000-02-01', 2, 'Ahmad', 4, 7, 1, 206);
INSERT INTO `chicken` (`id`, `personID`, `dob`, `tier`, `name`, `attack`, `defense`, `health`, `rank`) VALUES (196, 1966, '2000-05-03', 4, 'Nya', 4, 2, 4, 84);
INSERT INTO `chicken` (`id`, `personID`, `dob`, `tier`, `name`, `attack`, `defense`, `health`, `rank`) VALUES (197, 1984, '2000-08-05', 6, 'Jonathan', 4, 3, 0, 216);
INSERT INTO `chicken` (`id`, `personID`, `dob`, `tier`, `name`, `attack`, `defense`, `health`, `rank`) VALUES (198, 1987, '2000-06-04', 4, 'Eusebio', 4, 6, 1, 147);
INSERT INTO `chicken` (`id`, `personID`, `dob`, `tier`, `name`, `attack`, `defense`, `health`, `rank`) VALUES (199, 1995, '2000-07-13', 2, 'Muriel', 7, 4, 2, 237);
INSERT INTO `chicken` (`id`, `personID`, `dob`, `tier`, `name`, `attack`, `defense`, `health`, `rank`) VALUES (200, 2000, '2000-11-23', 1, 'Lambert', 4, 3, 6, 177);
INSERT INTO `chicken` (`id`, `personID`, `dob`, `tier`, `name`, `attack`, `defense`, `health`, `rank`) VALUES (201, 1009, '2000-07-01', 6, 'Clementina', 3, 5, 6, 15);
INSERT INTO `chicken` (`id`, `personID`, `dob`, `tier`, `name`, `attack`, `defense`, `health`, `rank`) VALUES (202, 1016, '2000-02-05', 3, 'Adell', 4, 6, 2, 43);
INSERT INTO `chicken` (`id`, `personID`, `dob`, `tier`, `name`, `attack`, `defense`, `health`, `rank`) VALUES (203, 1030, '2000-09-17', 6, 'Sabryna', 0, 4, 4, 224);
INSERT INTO `chicken` (`id`, `personID`, `dob`, `tier`, `name`, `attack`, `defense`, `health`, `rank`) VALUES (204, 1034, '2000-08-29', 1, 'Dolly', 1, 0, 6, 88);
INSERT INTO `chicken` (`id`, `personID`, `dob`, `tier`, `name`, `attack`, `defense`, `health`, `rank`) VALUES (205, 1049, '2000-09-17', 2, 'Destinee', 0, 3, 2, 22);
INSERT INTO `chicken` (`id`, `personID`, `dob`, `tier`, `name`, `attack`, `defense`, `health`, `rank`) VALUES (206, 1058, '2000-06-19', 2, 'Ricky', 4, 1, 9, 64);
INSERT INTO `chicken` (`id`, `personID`, `dob`, `tier`, `name`, `attack`, `defense`, `health`, `rank`) VALUES (207, 1064, '2000-04-19', 7, 'Dell', 2, 2, 1, 24);
INSERT INTO `chicken` (`id`, `personID`, `dob`, `tier`, `name`, `attack`, `defense`, `health`, `rank`) VALUES (208, 1076, '2000-11-07', 7, 'Fatima', 1, 9, 7, 25);
INSERT INTO `chicken` (`id`, `personID`, `dob`, `tier`, `name`, `attack`, `defense`, `health`, `rank`) VALUES (209, 1098, '2000-01-24', 6, 'Velva', 6, 5, 8, 132);
INSERT INTO `chicken` (`id`, `personID`, `dob`, `tier`, `name`, `attack`, `defense`, `health`, `rank`) VALUES (210, 1099, '2000-04-01', 3, 'Rolando', 2, 2, 1, 280);
INSERT INTO `chicken` (`id`, `personID`, `dob`, `tier`, `name`, `attack`, `defense`, `health`, `rank`) VALUES (211, 1107, '2000-01-09', 0, 'Murray', 5, 3, 7, 175);
INSERT INTO `chicken` (`id`, `personID`, `dob`, `tier`, `name`, `attack`, `defense`, `health`, `rank`) VALUES (212, 1110, '2000-11-18', 3, 'Kadin', 5, 3, 9, 103);
INSERT INTO `chicken` (`id`, `personID`, `dob`, `tier`, `name`, `attack`, `defense`, `health`, `rank`) VALUES (213, 1129, '2000-12-27', 1, 'Deven', 6, 2, 8, 160);
INSERT INTO `chicken` (`id`, `personID`, `dob`, `tier`, `name`, `attack`, `defense`, `health`, `rank`) VALUES (214, 1136, '2000-10-30', 4, 'Urban', 9, 4, 4, 174);
INSERT INTO `chicken` (`id`, `personID`, `dob`, `tier`, `name`, `attack`, `defense`, `health`, `rank`) VALUES (215, 1144, '2000-11-08', 6, 'Cleora', 3, 9, 0, 159);
INSERT INTO `chicken` (`id`, `personID`, `dob`, `tier`, `name`, `attack`, `defense`, `health`, `rank`) VALUES (216, 1150, '2000-02-08', 4, 'Carole', 6, 2, 4, 62);
INSERT INTO `chicken` (`id`, `personID`, `dob`, `tier`, `name`, `attack`, `defense`, `health`, `rank`) VALUES (217, 1173, '2000-06-12', 5, 'Justus', 3, 3, 6, 90);
INSERT INTO `chicken` (`id`, `personID`, `dob`, `tier`, `name`, `attack`, `defense`, `health`, `rank`) VALUES (218, 1180, '2000-12-03', 1, 'Ebony', 0, 7, 1, 7);
INSERT INTO `chicken` (`id`, `personID`, `dob`, `tier`, `name`, `attack`, `defense`, `health`, `rank`) VALUES (219, 1181, '2000-04-18', 2, 'Myrtis', 0, 1, 9, 200);
INSERT INTO `chicken` (`id`, `personID`, `dob`, `tier`, `name`, `attack`, `defense`, `health`, `rank`) VALUES (220, 1204, '2000-04-18', 6, 'Felicity', 4, 5, 0, 192);
INSERT INTO `chicken` (`id`, `personID`, `dob`, `tier`, `name`, `attack`, `defense`, `health`, `rank`) VALUES (221, 1218, '2000-05-28', 8, 'Lowell', 4, 9, 0, 47);
INSERT INTO `chicken` (`id`, `personID`, `dob`, `tier`, `name`, `attack`, `defense`, `health`, `rank`) VALUES (222, 1239, '2000-12-14', 8, 'Keely', 0, 1, 9, 287);
INSERT INTO `chicken` (`id`, `personID`, `dob`, `tier`, `name`, `attack`, `defense`, `health`, `rank`) VALUES (223, 1259, '2000-07-21', 5, 'Nelle', 2, 7, 2, 212);
INSERT INTO `chicken` (`id`, `personID`, `dob`, `tier`, `name`, `attack`, `defense`, `health`, `rank`) VALUES (224, 1265, '2000-06-18', 7, 'Andrew', 4, 7, 4, 183);
INSERT INTO `chicken` (`id`, `personID`, `dob`, `tier`, `name`, `attack`, `defense`, `health`, `rank`) VALUES (225, 1266, '2000-04-25', 3, 'Giles', 9, 4, 1, 46);
INSERT INTO `chicken` (`id`, `personID`, `dob`, `tier`, `name`, `attack`, `defense`, `health`, `rank`) VALUES (226, 1291, '2000-08-04', 0, 'Lorine', 2, 0, 0, 203);
INSERT INTO `chicken` (`id`, `personID`, `dob`, `tier`, `name`, `attack`, `defense`, `health`, `rank`) VALUES (227, 1301, '2000-10-31', 8, 'Zena', 1, 0, 3, 253);
INSERT INTO `chicken` (`id`, `personID`, `dob`, `tier`, `name`, `attack`, `defense`, `health`, `rank`) VALUES (228, 1308, '2000-11-01', 0, 'Cecile', 0, 0, 9, 18);
INSERT INTO `chicken` (`id`, `personID`, `dob`, `tier`, `name`, `attack`, `defense`, `health`, `rank`) VALUES (229, 1322, '2000-12-09', 2, 'Danial', 2, 8, 0, 285);
INSERT INTO `chicken` (`id`, `personID`, `dob`, `tier`, `name`, `attack`, `defense`, `health`, `rank`) VALUES (230, 1339, '2000-10-19', 4, 'Devyn', 6, 8, 2, 2);
INSERT INTO `chicken` (`id`, `personID`, `dob`, `tier`, `name`, `attack`, `defense`, `health`, `rank`) VALUES (231, 1371, '2000-11-23', 2, 'Stefanie', 3, 0, 6, 297);
INSERT INTO `chicken` (`id`, `personID`, `dob`, `tier`, `name`, `attack`, `defense`, `health`, `rank`) VALUES (232, 1376, '2000-05-03', 7, 'Demarco', 2, 6, 2, 242);
INSERT INTO `chicken` (`id`, `personID`, `dob`, `tier`, `name`, `attack`, `defense`, `health`, `rank`) VALUES (233, 1380, '2000-09-13', 1, 'Greyson', 6, 4, 5, 194);
INSERT INTO `chicken` (`id`, `personID`, `dob`, `tier`, `name`, `attack`, `defense`, `health`, `rank`) VALUES (234, 1443, '2000-05-06', 6, 'Lexus', 4, 8, 6, 268);
INSERT INTO `chicken` (`id`, `personID`, `dob`, `tier`, `name`, `attack`, `defense`, `health`, `rank`) VALUES (235, 1444, '2000-07-10', 1, 'Vanessa', 1, 8, 3, 226);
INSERT INTO `chicken` (`id`, `personID`, `dob`, `tier`, `name`, `attack`, `defense`, `health`, `rank`) VALUES (236, 1450, '2000-10-31', 0, 'Juliana', 0, 5, 0, 80);
INSERT INTO `chicken` (`id`, `personID`, `dob`, `tier`, `name`, `attack`, `defense`, `health`, `rank`) VALUES (237, 1462, '2000-04-10', 1, 'Tyshawn', 1, 9, 4, 163);
INSERT INTO `chicken` (`id`, `personID`, `dob`, `tier`, `name`, `attack`, `defense`, `health`, `rank`) VALUES (238, 1464, '2000-05-05', 8, 'Craig', 1, 8, 3, 202);
INSERT INTO `chicken` (`id`, `personID`, `dob`, `tier`, `name`, `attack`, `defense`, `health`, `rank`) VALUES (239, 1465, '2000-07-11', 5, 'Jimmie', 5, 4, 7, 282);
INSERT INTO `chicken` (`id`, `personID`, `dob`, `tier`, `name`, `attack`, `defense`, `health`, `rank`) VALUES (240, 1468, '2000-01-28', 3, 'Percy', 8, 9, 6, 21);
INSERT INTO `chicken` (`id`, `personID`, `dob`, `tier`, `name`, `attack`, `defense`, `health`, `rank`) VALUES (241, 1478, '2000-08-09', 7, 'Nat', 1, 3, 4, 191);
INSERT INTO `chicken` (`id`, `personID`, `dob`, `tier`, `name`, `attack`, `defense`, `health`, `rank`) VALUES (242, 1482, '2000-02-21', 5, 'Kaela', 8, 1, 6, 164);
INSERT INTO `chicken` (`id`, `personID`, `dob`, `tier`, `name`, `attack`, `defense`, `health`, `rank`) VALUES (243, 1490, '2000-11-10', 5, 'Dolores', 5, 9, 4, 49);
INSERT INTO `chicken` (`id`, `personID`, `dob`, `tier`, `name`, `attack`, `defense`, `health`, `rank`) VALUES (244, 1492, '2000-09-15', 9, 'Mylene', 6, 0, 6, 6);
INSERT INTO `chicken` (`id`, `personID`, `dob`, `tier`, `name`, `attack`, `defense`, `health`, `rank`) VALUES (245, 1507, '2000-10-20', 9, 'Alice', 7, 3, 9, 276);
INSERT INTO `chicken` (`id`, `personID`, `dob`, `tier`, `name`, `attack`, `defense`, `health`, `rank`) VALUES (246, 1511, '2000-09-06', 5, 'Augusta', 7, 4, 5, 221);
INSERT INTO `chicken` (`id`, `personID`, `dob`, `tier`, `name`, `attack`, `defense`, `health`, `rank`) VALUES (247, 1520, '2000-07-06', 4, 'Carole', 4, 8, 0, 118);
INSERT INTO `chicken` (`id`, `personID`, `dob`, `tier`, `name`, `attack`, `defense`, `health`, `rank`) VALUES (248, 1528, '2000-07-26', 1, 'Merritt', 2, 3, 3, 161);
INSERT INTO `chicken` (`id`, `personID`, `dob`, `tier`, `name`, `attack`, `defense`, `health`, `rank`) VALUES (249, 1529, '2000-09-11', 2, 'Santina', 1, 6, 9, 184);
INSERT INTO `chicken` (`id`, `personID`, `dob`, `tier`, `name`, `attack`, `defense`, `health`, `rank`) VALUES (250, 1530, '2000-04-11', 5, 'Haylee', 2, 8, 3, 264);
INSERT INTO `chicken` (`id`, `personID`, `dob`, `tier`, `name`, `attack`, `defense`, `health`, `rank`) VALUES (251, 1533, '2000-03-23', 0, 'Lisa', 9, 7, 8, 130);
INSERT INTO `chicken` (`id`, `personID`, `dob`, `tier`, `name`, `attack`, `defense`, `health`, `rank`) VALUES (252, 1538, '2000-08-01', 4, 'Michelle', 4, 1, 3, 141);
INSERT INTO `chicken` (`id`, `personID`, `dob`, `tier`, `name`, `attack`, `defense`, `health`, `rank`) VALUES (253, 1541, '2000-04-11', 8, 'Eliseo', 4, 9, 5, 100);
INSERT INTO `chicken` (`id`, `personID`, `dob`, `tier`, `name`, `attack`, `defense`, `health`, `rank`) VALUES (254, 1545, '2000-03-08', 4, 'Maria', 1, 7, 1, 236);
INSERT INTO `chicken` (`id`, `personID`, `dob`, `tier`, `name`, `attack`, `defense`, `health`, `rank`) VALUES (255, 1549, '2000-11-23', 2, 'Kaylee', 4, 6, 5, 299);
INSERT INTO `chicken` (`id`, `personID`, `dob`, `tier`, `name`, `attack`, `defense`, `health`, `rank`) VALUES (256, 1574, '2000-03-23', 3, 'Jaylin', 7, 2, 7, 157);
INSERT INTO `chicken` (`id`, `personID`, `dob`, `tier`, `name`, `attack`, `defense`, `health`, `rank`) VALUES (257, 1592, '2000-03-31', 3, 'Georgette', 3, 0, 0, 190);
INSERT INTO `chicken` (`id`, `personID`, `dob`, `tier`, `name`, `attack`, `defense`, `health`, `rank`) VALUES (258, 1598, '2000-08-15', 9, 'Torrance', 1, 7, 4, 197);
INSERT INTO `chicken` (`id`, `personID`, `dob`, `tier`, `name`, `attack`, `defense`, `health`, `rank`) VALUES (259, 1600, '2000-08-26', 3, 'Jazmyn', 3, 1, 5, 102);
INSERT INTO `chicken` (`id`, `personID`, `dob`, `tier`, `name`, `attack`, `defense`, `health`, `rank`) VALUES (260, 1611, '2000-02-10', 2, 'Kendall', 4, 4, 7, 170);
INSERT INTO `chicken` (`id`, `personID`, `dob`, `tier`, `name`, `attack`, `defense`, `health`, `rank`) VALUES (261, 1615, '2000-08-12', 7, 'Pearline', 4, 2, 2, 30);
INSERT INTO `chicken` (`id`, `personID`, `dob`, `tier`, `name`, `attack`, `defense`, `health`, `rank`) VALUES (262, 1618, '2000-10-21', 3, 'Kelli', 2, 0, 6, 133);
INSERT INTO `chicken` (`id`, `personID`, `dob`, `tier`, `name`, `attack`, `defense`, `health`, `rank`) VALUES (263, 1619, '2000-04-18', 4, 'Kaia', 4, 2, 1, 96);
INSERT INTO `chicken` (`id`, `personID`, `dob`, `tier`, `name`, `attack`, `defense`, `health`, `rank`) VALUES (264, 1624, '2000-10-18', 5, 'Audreanne', 1, 2, 8, 225);
INSERT INTO `chicken` (`id`, `personID`, `dob`, `tier`, `name`, `attack`, `defense`, `health`, `rank`) VALUES (265, 1637, '2000-06-08', 2, 'Giovanny', 2, 5, 0, 91);
INSERT INTO `chicken` (`id`, `personID`, `dob`, `tier`, `name`, `attack`, `defense`, `health`, `rank`) VALUES (266, 1642, '2000-08-18', 3, 'Norris', 7, 4, 1, 97);
INSERT INTO `chicken` (`id`, `personID`, `dob`, `tier`, `name`, `attack`, `defense`, `health`, `rank`) VALUES (267, 1655, '2000-04-18', 7, 'Cristopher', 0, 9, 1, 151);
INSERT INTO `chicken` (`id`, `personID`, `dob`, `tier`, `name`, `attack`, `defense`, `health`, `rank`) VALUES (268, 1658, '2000-09-19', 8, 'Jewell', 9, 1, 5, 158);
INSERT INTO `chicken` (`id`, `personID`, `dob`, `tier`, `name`, `attack`, `defense`, `health`, `rank`) VALUES (269, 1691, '2000-04-11', 8, 'Noelia', 8, 6, 6, 114);
INSERT INTO `chicken` (`id`, `personID`, `dob`, `tier`, `name`, `attack`, `defense`, `health`, `rank`) VALUES (270, 1696, '2000-03-18', 7, 'Bethany', 2, 1, 7, 211);
INSERT INTO `chicken` (`id`, `personID`, `dob`, `tier`, `name`, `attack`, `defense`, `health`, `rank`) VALUES (271, 1702, '2000-07-14', 0, 'Braxton', 3, 8, 9, 120);
INSERT INTO `chicken` (`id`, `personID`, `dob`, `tier`, `name`, `attack`, `defense`, `health`, `rank`) VALUES (272, 1703, '2000-03-11', 8, 'Laisha', 2, 8, 0, 255);
INSERT INTO `chicken` (`id`, `personID`, `dob`, `tier`, `name`, `attack`, `defense`, `health`, `rank`) VALUES (273, 1705, '2000-07-03', 1, 'Lawson', 0, 6, 0, 156);
INSERT INTO `chicken` (`id`, `personID`, `dob`, `tier`, `name`, `attack`, `defense`, `health`, `rank`) VALUES (274, 1723, '2000-08-31', 1, 'Anjali', 5, 0, 2, 162);
INSERT INTO `chicken` (`id`, `personID`, `dob`, `tier`, `name`, `attack`, `defense`, `health`, `rank`) VALUES (275, 1735, '2000-03-02', 6, 'Christelle', 4, 2, 0, 207);
INSERT INTO `chicken` (`id`, `personID`, `dob`, `tier`, `name`, `attack`, `defense`, `health`, `rank`) VALUES (276, 1739, '2000-01-12', 7, 'Adriana', 1, 9, 0, 70);
INSERT INTO `chicken` (`id`, `personID`, `dob`, `tier`, `name`, `attack`, `defense`, `health`, `rank`) VALUES (277, 1746, '2000-05-26', 4, 'Alisa', 7, 7, 6, 129);
INSERT INTO `chicken` (`id`, `personID`, `dob`, `tier`, `name`, `attack`, `defense`, `health`, `rank`) VALUES (278, 1749, '2000-01-06', 4, 'Hubert', 1, 3, 8, 109);
INSERT INTO `chicken` (`id`, `personID`, `dob`, `tier`, `name`, `attack`, `defense`, `health`, `rank`) VALUES (279, 1776, '2000-04-26', 7, 'Greg', 3, 4, 6, 76);
INSERT INTO `chicken` (`id`, `personID`, `dob`, `tier`, `name`, `attack`, `defense`, `health`, `rank`) VALUES (280, 1778, '2000-12-02', 5, 'Aileen', 1, 5, 8, 257);
INSERT INTO `chicken` (`id`, `personID`, `dob`, `tier`, `name`, `attack`, `defense`, `health`, `rank`) VALUES (281, 1805, '2000-02-09', 9, 'Herminio', 5, 1, 0, 23);
INSERT INTO `chicken` (`id`, `personID`, `dob`, `tier`, `name`, `attack`, `defense`, `health`, `rank`) VALUES (282, 1820, '2000-06-24', 7, 'Jerald', 3, 4, 5, 272);
INSERT INTO `chicken` (`id`, `personID`, `dob`, `tier`, `name`, `attack`, `defense`, `health`, `rank`) VALUES (283, 1832, '2000-06-09', 7, 'Chase', 8, 8, 4, 19);
INSERT INTO `chicken` (`id`, `personID`, `dob`, `tier`, `name`, `attack`, `defense`, `health`, `rank`) VALUES (284, 1834, '2000-05-23', 8, 'Ole', 0, 1, 7, 298);
INSERT INTO `chicken` (`id`, `personID`, `dob`, `tier`, `name`, `attack`, `defense`, `health`, `rank`) VALUES (285, 1862, '2000-07-12', 2, 'Eveline', 8, 1, 2, 169);
INSERT INTO `chicken` (`id`, `personID`, `dob`, `tier`, `name`, `attack`, `defense`, `health`, `rank`) VALUES (286, 1866, '2000-10-20', 3, 'Karlie', 4, 6, 9, 27);
INSERT INTO `chicken` (`id`, `personID`, `dob`, `tier`, `name`, `attack`, `defense`, `health`, `rank`) VALUES (287, 1894, '2000-03-02', 9, 'Jermain', 7, 8, 7, 34);
INSERT INTO `chicken` (`id`, `personID`, `dob`, `tier`, `name`, `attack`, `defense`, `health`, `rank`) VALUES (288, 1895, '2000-10-25', 9, 'Demarcus', 8, 3, 5, 168);
INSERT INTO `chicken` (`id`, `personID`, `dob`, `tier`, `name`, `attack`, `defense`, `health`, `rank`) VALUES (289, 1905, '2000-05-09', 5, 'Dwight', 8, 5, 0, 66);
INSERT INTO `chicken` (`id`, `personID`, `dob`, `tier`, `name`, `attack`, `defense`, `health`, `rank`) VALUES (290, 1919, '2000-02-01', 4, 'Bettie', 1, 3, 4, 252);
INSERT INTO `chicken` (`id`, `personID`, `dob`, `tier`, `name`, `attack`, `defense`, `health`, `rank`) VALUES (291, 1923, '2000-03-25', 5, 'Elizabeth', 4, 3, 4, 219);
INSERT INTO `chicken` (`id`, `personID`, `dob`, `tier`, `name`, `attack`, `defense`, `health`, `rank`) VALUES (292, 1930, '2000-01-29', 2, 'Lexie', 9, 1, 8, 26);
INSERT INTO `chicken` (`id`, `personID`, `dob`, `tier`, `name`, `attack`, `defense`, `health`, `rank`) VALUES (293, 1933, '2000-07-29', 6, 'Marc', 8, 8, 0, 131);
INSERT INTO `chicken` (`id`, `personID`, `dob`, `tier`, `name`, `attack`, `defense`, `health`, `rank`) VALUES (294, 1938, '2000-10-13', 3, 'Freida', 6, 9, 8, 260);
INSERT INTO `chicken` (`id`, `personID`, `dob`, `tier`, `name`, `attack`, `defense`, `health`, `rank`) VALUES (295, 1943, '2000-10-02', 0, 'Betty', 8, 4, 6, 71);
INSERT INTO `chicken` (`id`, `personID`, `dob`, `tier`, `name`, `attack`, `defense`, `health`, `rank`) VALUES (296, 1966, '2000-07-08', 9, 'Raheem', 0, 4, 0, 3);
INSERT INTO `chicken` (`id`, `personID`, `dob`, `tier`, `name`, `attack`, `defense`, `health`, `rank`) VALUES (297, 1984, '2000-03-10', 7, 'Kenyatta', 8, 6, 7, 176);
INSERT INTO `chicken` (`id`, `personID`, `dob`, `tier`, `name`, `attack`, `defense`, `health`, `rank`) VALUES (298, 1987, '2000-07-19', 7, 'Louisa', 9, 9, 6, 286);
INSERT INTO `chicken` (`id`, `personID`, `dob`, `tier`, `name`, `attack`, `defense`, `health`, `rank`) VALUES (299, 1995, '2000-09-16', 2, 'Terrance', 8, 4, 4, 122);
INSERT INTO `chicken` (`id`, `personID`, `dob`, `tier`, `name`, `attack`, `defense`, `health`, `rank`) VALUES (300, 2000, '2000-10-29', 6, 'Madeline', 3, 9, 1, 295);


#
# TABLE STRUCTURE FOR: event
#

DROP TABLE IF EXISTS `event`;

CREATE TABLE `event` (
  `id` int(9) unsigned NOT NULL AUTO_INCREMENT,
  `name` varchar(100) NOT NULL,
  `city` varchar(255) NOT NULL,
  `address` varchar(255) NOT NULL,
  `startDate` datetime NOT NULL,
  `endDate` datetime NOT NULL,
  `poster` int(1) NOT NULL,
  `slogan` varchar(255) NOT NULL,
  PRIMARY KEY (`id`)
) ENGINE=InnoDB AUTO_INCREMENT=51 DEFAULT CHARSET=utf8;

INSERT INTO `event` (`id`, `name`, `city`, `address`, `startDate`, `endDate`, `poster`, `slogan`) VALUES (1, 'Roberts-Wilderman', 'Billmouth', '7619 Mandy Creek Suite 202', '1970-01-01 00:00:00', '1970-01-01 00:00:00', 7, 'Intuitive 24/7 workforce');
INSERT INTO `event` (`id`, `name`, `city`, `address`, `startDate`, `endDate`, `poster`, `slogan`) VALUES (2, 'Ernser Inc', 'Terrenceshire', '323 Windler Square', '1970-01-01 00:00:00', '1970-01-01 00:00:00', 2, 'Optional multi-tasking core');
INSERT INTO `event` (`id`, `name`, `city`, `address`, `startDate`, `endDate`, `poster`, `slogan`) VALUES (3, 'Cole Inc', 'Quigleyfort', '14834 Bernadine Glens', '1970-01-01 00:00:00', '1970-01-01 00:00:00', 6, 'Persistent real-time GraphicInterface');
INSERT INTO `event` (`id`, `name`, `city`, `address`, `startDate`, `endDate`, `poster`, `slogan`) VALUES (4, 'Leffler, Satterfield and Wehner', 'Kuphalview', '729 Wolff Corner', '1970-01-01 00:00:00', '1970-01-01 00:00:00', 6, 'Facetoface multi-state opensystem');
INSERT INTO `event` (`id`, `name`, `city`, `address`, `startDate`, `endDate`, `poster`, `slogan`) VALUES (5, 'Schroeder PLC', 'West Jonas', '17380 Metz Coves Suite 576', '1970-01-01 00:00:00', '1970-01-01 00:00:00', 8, 'Intuitive leadingedge adapter');
INSERT INTO `event` (`id`, `name`, `city`, `address`, `startDate`, `endDate`, `poster`, `slogan`) VALUES (6, 'King Ltd', 'Mayerland', '9334 Hayes River', '1970-01-01 00:00:00', '1970-01-01 00:00:00', 7, 'Realigned fault-tolerant model');
INSERT INTO `event` (`id`, `name`, `city`, `address`, `startDate`, `endDate`, `poster`, `slogan`) VALUES (7, 'VonRueden PLC', 'North Deonteton', '334 Deja Grove', '1970-01-01 00:00:00', '1970-01-01 00:00:00', 1, 'Programmable 24hour model');
INSERT INTO `event` (`id`, `name`, `city`, `address`, `startDate`, `endDate`, `poster`, `slogan`) VALUES (8, 'Schneider, Price and Treutel', 'Port Willa', '7987 Vergie Locks', '1970-01-01 00:00:00', '1970-01-01 00:00:00', 1, 'Ergonomic assymetric forecast');
INSERT INTO `event` (`id`, `name`, `city`, `address`, `startDate`, `endDate`, `poster`, `slogan`) VALUES (9, 'Rau, Okuneva and Kub', 'Gibsonport', '468 Cruickshank Well', '1970-01-01 00:00:00', '1970-01-01 00:00:00', 5, 'Synergistic directional localareanetwork');
INSERT INTO `event` (`id`, `name`, `city`, `address`, `startDate`, `endDate`, `poster`, `slogan`) VALUES (10, 'Harris, Thiel and Bartoletti', 'West Aileen', '7806 Huels Square', '1970-01-01 00:00:00', '1970-01-01 00:00:00', 7, 'Organized stable toolset');
INSERT INTO `event` (`id`, `name`, `city`, `address`, `startDate`, `endDate`, `poster`, `slogan`) VALUES (11, 'Mertz-Graham', 'Libbiemouth', '0858 Turner Stream', '1970-01-01 00:00:00', '1970-01-01 00:00:00', 1, 'Vision-oriented exuding encoding');
INSERT INTO `event` (`id`, `name`, `city`, `address`, `startDate`, `endDate`, `poster`, `slogan`) VALUES (12, 'Mante, Stehr and Effertz', 'Legrosport', '08219 Ledner Manors', '1970-01-01 00:00:00', '1970-01-01 00:00:00', 2, 'Persistent disintermediate securedline');
INSERT INTO `event` (`id`, `name`, `city`, `address`, `startDate`, `endDate`, `poster`, `slogan`) VALUES (13, 'Labadie-Wolff', 'Schadenmouth', '7045 Prosacco Motorway Apt. 405', '1970-01-01 00:00:00', '1970-01-01 00:00:00', 3, 'Up-sized leadingedge utilisation');
INSERT INTO `event` (`id`, `name`, `city`, `address`, `startDate`, `endDate`, `poster`, `slogan`) VALUES (14, 'Konopelski LLC', 'Jaylinmouth', '829 Howe Shoals Apt. 853', '1970-01-01 00:00:00', '1970-01-01 00:00:00', 7, 'Fully-configurable nextgeneration help-desk');
INSERT INTO `event` (`id`, `name`, `city`, `address`, `startDate`, `endDate`, `poster`, `slogan`) VALUES (15, 'Sauer and Sons', 'Pricestad', '69488 Rodrick Throughway Suite 742', '1970-01-01 00:00:00', '1970-01-01 00:00:00', 4, 'Decentralized optimal processimprovement');
INSERT INTO `event` (`id`, `name`, `city`, `address`, `startDate`, `endDate`, `poster`, `slogan`) VALUES (16, 'Macejkovic, Blick and Swift', 'Dorrisside', '7446 Shyanne Spur', '1970-01-01 00:00:00', '1970-01-01 00:00:00', 0, 'Upgradable well-modulated collaboration');
INSERT INTO `event` (`id`, `name`, `city`, `address`, `startDate`, `endDate`, `poster`, `slogan`) VALUES (17, 'Lockman PLC', 'Langworthburgh', '19028 Pfannerstill Vista Apt. 670', '1970-01-01 00:00:00', '1970-01-01 00:00:00', 8, 'Distributed maximized intranet');
INSERT INTO `event` (`id`, `name`, `city`, `address`, `startDate`, `endDate`, `poster`, `slogan`) VALUES (18, 'Bahringer, Cassin and Langosh', 'East Ford', '5770 Luettgen Road', '1970-01-01 00:00:00', '1970-01-01 00:00:00', 3, 'Facetoface regional complexity');
INSERT INTO `event` (`id`, `name`, `city`, `address`, `startDate`, `endDate`, `poster`, `slogan`) VALUES (19, 'Kunde Ltd', 'North Dana', '595 Ludie Rapids Apt. 864', '1970-01-01 00:00:00', '1970-01-01 00:00:00', 0, 'Organic demand-driven ability');
INSERT INTO `event` (`id`, `name`, `city`, `address`, `startDate`, `endDate`, `poster`, `slogan`) VALUES (20, 'Crooks, Leuschke and Wyman', 'Nitzschetown', '17524 Alberta Street', '1970-01-01 00:00:00', '1970-01-01 00:00:00', 2, 'Diverse executive concept');
INSERT INTO `event` (`id`, `name`, `city`, `address`, `startDate`, `endDate`, `poster`, `slogan`) VALUES (21, 'Gaylord-Hand', 'Lake Samara', '1378 Syble Drive Suite 290', '1970-01-01 00:00:00', '1970-01-01 00:00:00', 2, 'User-centric static GraphicInterface');
INSERT INTO `event` (`id`, `name`, `city`, `address`, `startDate`, `endDate`, `poster`, `slogan`) VALUES (22, 'Romaguera LLC', 'Lake Adelle', '540 Fabiola Isle Apt. 289', '1970-01-01 00:00:00', '1970-01-01 00:00:00', 0, 'Reduced even-keeled migration');
INSERT INTO `event` (`id`, `name`, `city`, `address`, `startDate`, `endDate`, `poster`, `slogan`) VALUES (23, 'Kautzer-Eichmann', 'Lake Damarishaven', '462 Bruen Squares Suite 313', '1970-01-01 00:00:00', '1970-01-01 00:00:00', 4, 'Extended coherent array');
INSERT INTO `event` (`id`, `name`, `city`, `address`, `startDate`, `endDate`, `poster`, `slogan`) VALUES (24, 'Bahringer, Larkin and Turcotte', 'McDermottland', '5436 Earlene Avenue Apt. 258', '1970-01-01 00:00:00', '1970-01-01 00:00:00', 5, 'Team-oriented cohesive benchmark');
INSERT INTO `event` (`id`, `name`, `city`, `address`, `startDate`, `endDate`, `poster`, `slogan`) VALUES (25, 'Harvey, Bruen and Ernser', 'Gislasonville', '287 Graham Mills', '1970-01-01 00:00:00', '1970-01-01 00:00:00', 4, 'Quality-focused background success');
INSERT INTO `event` (`id`, `name`, `city`, `address`, `startDate`, `endDate`, `poster`, `slogan`) VALUES (26, 'Monahan Ltd', 'Lake Kamrynland', '02164 Wolf Mountain', '1970-01-01 00:00:00', '1970-01-01 00:00:00', 1, 'Open-source grid-enabled array');
INSERT INTO `event` (`id`, `name`, `city`, `address`, `startDate`, `endDate`, `poster`, `slogan`) VALUES (27, 'Bogisich LLC', 'Vilmaburgh', '8723 Pagac Key', '1970-01-01 00:00:00', '1970-01-01 00:00:00', 0, 'Focused 3rdgeneration parallelism');
INSERT INTO `event` (`id`, `name`, `city`, `address`, `startDate`, `endDate`, `poster`, `slogan`) VALUES (28, 'Lehner Ltd', 'West Shemarton', '849 Mary Cliff Apt. 017', '1970-01-01 00:00:00', '1970-01-01 00:00:00', 3, 'Ergonomic systematic methodology');
INSERT INTO `event` (`id`, `name`, `city`, `address`, `startDate`, `endDate`, `poster`, `slogan`) VALUES (29, 'Ondricka, Kovacek and Watsica', 'Conroyview', '6628 Simone Squares Apt. 336', '1970-01-01 00:00:00', '1970-01-01 00:00:00', 8, 'Focused neutral securedline');
INSERT INTO `event` (`id`, `name`, `city`, `address`, `startDate`, `endDate`, `poster`, `slogan`) VALUES (30, 'Davis-Reilly', 'Yostberg', '07340 Gusikowski Isle Apt. 746', '1970-01-01 00:00:00', '1970-01-01 00:00:00', 5, 'User-friendly composite contingency');
INSERT INTO `event` (`id`, `name`, `city`, `address`, `startDate`, `endDate`, `poster`, `slogan`) VALUES (31, 'Trantow-Schiller', 'Felicialand', '67986 Schmidt Meadow', '1970-01-01 00:00:00', '1970-01-01 00:00:00', 4, 'Balanced analyzing framework');
INSERT INTO `event` (`id`, `name`, `city`, `address`, `startDate`, `endDate`, `poster`, `slogan`) VALUES (32, 'Waelchi-Mueller', 'Port Nicklaus', '4202 Strosin Expressway', '1970-01-01 00:00:00', '1970-01-01 00:00:00', 2, 'User-friendly bifurcated strategy');
INSERT INTO `event` (`id`, `name`, `city`, `address`, `startDate`, `endDate`, `poster`, `slogan`) VALUES (33, 'Hirthe-Halvorson', 'East Lempi', '20115 Bobby Passage Suite 967', '1970-01-01 00:00:00', '1970-01-01 00:00:00', 0, 'Cloned mission-critical GraphicInterface');
INSERT INTO `event` (`id`, `name`, `city`, `address`, `startDate`, `endDate`, `poster`, `slogan`) VALUES (34, 'Keebler, Donnelly and Sporer', 'DuBuquestad', '9353 Elvis Harbor', '1970-01-01 00:00:00', '1970-01-01 00:00:00', 3, 'Up-sized 5thgeneration definition');
INSERT INTO `event` (`id`, `name`, `city`, `address`, `startDate`, `endDate`, `poster`, `slogan`) VALUES (35, 'Corwin, Armstrong and Koelpin', 'Wolfffurt', '10667 Durgan Prairie Suite 162', '1970-01-01 00:00:00', '1970-01-01 00:00:00', 2, 'Multi-channelled static parallelism');
INSERT INTO `event` (`id`, `name`, `city`, `address`, `startDate`, `endDate`, `poster`, `slogan`) VALUES (36, 'Hoeger-Becker', 'Schadenberg', '158 Marty Pine', '1970-01-01 00:00:00', '1970-01-01 00:00:00', 4, 'Sharable intermediate collaboration');
INSERT INTO `event` (`id`, `name`, `city`, `address`, `startDate`, `endDate`, `poster`, `slogan`) VALUES (37, 'Kassulke and Sons', 'Lake Jane', '55008 Parker Ramp Suite 486', '1970-01-01 00:00:00', '1970-01-01 00:00:00', 9, 'Progressive optimal support');
INSERT INTO `event` (`id`, `name`, `city`, `address`, `startDate`, `endDate`, `poster`, `slogan`) VALUES (38, 'VonRueden-McClure', 'Weissnatburgh', '423 Cortez Station', '1970-01-01 00:00:00', '1970-01-01 00:00:00', 1, 'Team-oriented didactic toolset');
INSERT INTO `event` (`id`, `name`, `city`, `address`, `startDate`, `endDate`, `poster`, `slogan`) VALUES (39, 'Hoeger-Moore', 'South Kaylee', '0323 Watson Avenue', '1970-01-01 00:00:00', '1970-01-01 00:00:00', 1, 'Focused intangible neural-net');
INSERT INTO `event` (`id`, `name`, `city`, `address`, `startDate`, `endDate`, `poster`, `slogan`) VALUES (40, 'Runolfsson-Ryan', 'Antoniettamouth', '699 Bartell Knolls Apt. 450', '1970-01-01 00:00:00', '1970-01-01 00:00:00', 8, 'Progressive responsive monitoring');
INSERT INTO `event` (`id`, `name`, `city`, `address`, `startDate`, `endDate`, `poster`, `slogan`) VALUES (41, 'Conn PLC', 'Gisselleberg', '731 Stephen Knoll Suite 173', '1970-01-01 00:00:00', '1970-01-01 00:00:00', 4, 'Synchronised 6thgeneration synergy');
INSERT INTO `event` (`id`, `name`, `city`, `address`, `startDate`, `endDate`, `poster`, `slogan`) VALUES (42, 'Schimmel Ltd', 'Port Theron', '2370 Arden Island', '1970-01-01 00:00:00', '1970-01-01 00:00:00', 7, 'Programmable zerotolerance success');
INSERT INTO `event` (`id`, `name`, `city`, `address`, `startDate`, `endDate`, `poster`, `slogan`) VALUES (43, 'Dickinson-Barton', 'Windlermouth', '9410 Hansen Pines', '1970-01-01 00:00:00', '1970-01-01 00:00:00', 8, 'Networked motivating moderator');
INSERT INTO `event` (`id`, `name`, `city`, `address`, `startDate`, `endDate`, `poster`, `slogan`) VALUES (44, 'Hahn, Durgan and Wintheiser', 'Casperburgh', '1904 Melyna Walks', '1970-01-01 00:00:00', '1970-01-01 00:00:00', 1, 'Down-sized neutral opensystem');
INSERT INTO `event` (`id`, `name`, `city`, `address`, `startDate`, `endDate`, `poster`, `slogan`) VALUES (45, 'DuBuque PLC', 'North Leonport', '478 Okey Plains', '1970-01-01 00:00:00', '1970-01-01 00:00:00', 2, 'Managed zeroadministration hardware');
INSERT INTO `event` (`id`, `name`, `city`, `address`, `startDate`, `endDate`, `poster`, `slogan`) VALUES (46, 'Parker-Wintheiser', 'Lake Carterbury', '94654 Devante Orchard Suite 499', '1970-01-01 00:00:00', '1970-01-01 00:00:00', 4, 'Re-contextualized high-level access');
INSERT INTO `event` (`id`, `name`, `city`, `address`, `startDate`, `endDate`, `poster`, `slogan`) VALUES (47, 'Mayert-Bergnaum', 'West Thalia', '993 Streich Mountain Suite 212', '1970-01-01 00:00:00', '1970-01-01 00:00:00', 1, 'Front-line bandwidth-monitored monitoring');
INSERT INTO `event` (`id`, `name`, `city`, `address`, `startDate`, `endDate`, `poster`, `slogan`) VALUES (48, 'Altenwerth, Leffler and Williamson', 'South Elodyview', '2692 Millie Corner', '1970-01-01 00:00:00', '1970-01-01 00:00:00', 1, 'Upgradable national encryption');
INSERT INTO `event` (`id`, `name`, `city`, `address`, `startDate`, `endDate`, `poster`, `slogan`) VALUES (49, 'Feil and Sons', 'Rolfsonshire', '19303 Rau Isle Suite 909', '1970-01-01 00:00:00', '1970-01-01 00:00:00', 1, 'Assimilated fault-tolerant concept');
INSERT INTO `event` (`id`, `name`, `city`, `address`, `startDate`, `endDate`, `poster`, `slogan`) VALUES (50, 'Muller, Emard and West', 'Port Manuela', '539 Audrey Summit', '1970-01-01 00:00:00', '1970-01-01 00:00:00', 0, 'Realigned multi-tasking leverage');


#
# TABLE STRUCTURE FOR: fight
#

DROP TABLE IF EXISTS `fight`;

CREATE TABLE `fight` (
  `id` int(9) NOT NULL,
  `eventID` int(9) NOT NULL,
  `chick1` int(9) NOT NULL,
  `chick2` int(9) NOT NULL,
  `endDate` timestamp NOT NULL DEFAULT current_timestamp(),
  `startDate` timestamp NOT NULL DEFAULT current_timestamp(),
  UNIQUE KEY `id` (`id`),
  UNIQUE KEY `id_2` (`id`)
) ENGINE=InnoDB DEFAULT CHARSET=utf8;

INSERT INTO `fight` (`id`, `eventID`, `chick1`, `chick2`, `endDate`, `startDate`) VALUES (1000, 31, 131, 131, '1988-09-18 18:15:10', '1987-09-24 15:42:54');
INSERT INTO `fight` (`id`, `eventID`, `chick1`, `chick2`, `endDate`, `startDate`) VALUES (1002, 32, 132, 132, '1980-07-19 17:53:13', '1983-04-21 10:38:11');
INSERT INTO `fight` (`id`, `eventID`, `chick1`, `chick2`, `endDate`, `startDate`) VALUES (1004, 13, 113, 113, '2002-08-17 21:19:21', '1984-10-29 10:17:42');
INSERT INTO `fight` (`id`, `eventID`, `chick1`, `chick2`, `endDate`, `startDate`) VALUES (1006, 34, 134, 134, '1975-01-03 11:38:50', '2015-03-24 09:04:02');
INSERT INTO `fight` (`id`, `eventID`, `chick1`, `chick2`, `endDate`, `startDate`) VALUES (1008, 14, 114, 114, '2000-01-02 03:55:14', '1984-02-10 08:31:31');
INSERT INTO `fight` (`id`, `eventID`, `chick1`, `chick2`, `endDate`, `startDate`) VALUES (1009, 7, 107, 107, '1987-05-09 14:01:15', '1993-12-26 07:22:54');
INSERT INTO `fight` (`id`, `eventID`, `chick1`, `chick2`, `endDate`, `startDate`) VALUES (1010, 29, 229, 229, '2016-02-23 16:02:42', '1988-04-26 05:07:22');
INSERT INTO `fight` (`id`, `eventID`, `chick1`, `chick2`, `endDate`, `startDate`) VALUES (1011, 45, 95, 95, '2007-11-09 17:25:58', '2015-12-25 10:57:27');
INSERT INTO `fight` (`id`, `eventID`, `chick1`, `chick2`, `endDate`, `startDate`) VALUES (1012, 27, 177, 177, '1983-04-01 00:13:14', '1999-11-09 18:18:54');
INSERT INTO `fight` (`id`, `eventID`, `chick1`, `chick2`, `endDate`, `startDate`) VALUES (1015, 39, 39, 39, '1981-04-18 02:04:06', '1984-12-07 14:23:59');
INSERT INTO `fight` (`id`, `eventID`, `chick1`, `chick2`, `endDate`, `startDate`) VALUES (1016, 25, 275, 275, '1979-04-30 08:48:50', '2003-08-04 00:43:01');
INSERT INTO `fight` (`id`, `eventID`, `chick1`, `chick2`, `endDate`, `startDate`) VALUES (1020, 8, 58, 58, '1994-06-12 01:14:14', '1995-04-24 19:59:13');
INSERT INTO `fight` (`id`, `eventID`, `chick1`, `chick2`, `endDate`, `startDate`) VALUES (1021, 22, 22, 22, '2001-08-06 02:08:45', '1972-02-01 12:46:17');
INSERT INTO `fight` (`id`, `eventID`, `chick1`, `chick2`, `endDate`, `startDate`) VALUES (1024, 14, 64, 64, '1988-12-25 22:29:11', '1987-01-30 11:37:07');
INSERT INTO `fight` (`id`, `eventID`, `chick1`, `chick2`, `endDate`, `startDate`) VALUES (1025, 42, 192, 192, '1992-06-11 05:53:45', '1974-05-13 08:30:47');
INSERT INTO `fight` (`id`, `eventID`, `chick1`, `chick2`, `endDate`, `startDate`) VALUES (1026, 35, 35, 35, '2013-10-06 14:18:26', '1973-07-06 16:03:45');
INSERT INTO `fight` (`id`, `eventID`, `chick1`, `chick2`, `endDate`, `startDate`) VALUES (1028, 21, 171, 171, '2004-11-29 09:24:58', '2014-02-17 09:48:09');
INSERT INTO `fight` (`id`, `eventID`, `chick1`, `chick2`, `endDate`, `startDate`) VALUES (1029, 15, 15, 15, '1972-04-08 22:50:49', '1994-07-25 10:41:49');
INSERT INTO `fight` (`id`, `eventID`, `chick1`, `chick2`, `endDate`, `startDate`) VALUES (1032, 48, 98, 98, '1987-07-01 12:42:48', '1973-01-20 10:06:38');
INSERT INTO `fight` (`id`, `eventID`, `chick1`, `chick2`, `endDate`, `startDate`) VALUES (1033, 30, 130, 130, '1976-01-31 10:16:58', '1996-02-29 12:18:43');
INSERT INTO `fight` (`id`, `eventID`, `chick1`, `chick2`, `endDate`, `startDate`) VALUES (1034, 24, 74, 74, '1997-06-27 04:30:19', '2014-07-28 21:18:42');
INSERT INTO `fight` (`id`, `eventID`, `chick1`, `chick2`, `endDate`, `startDate`) VALUES (1035, 36, 86, 86, '2003-08-02 00:52:40', '2008-02-01 08:04:56');
INSERT INTO `fight` (`id`, `eventID`, `chick1`, `chick2`, `endDate`, `startDate`) VALUES (1036, 33, 133, 133, '1999-08-25 18:09:45', '1986-11-02 03:18:13');
INSERT INTO `fight` (`id`, `eventID`, `chick1`, `chick2`, `endDate`, `startDate`) VALUES (1040, 34, 234, 234, '1981-12-25 18:17:08', '1975-07-28 10:34:46');
INSERT INTO `fight` (`id`, `eventID`, `chick1`, `chick2`, `endDate`, `startDate`) VALUES (1044, 21, 71, 71, '1970-01-09 19:26:36', '1994-09-26 13:38:41');
INSERT INTO `fight` (`id`, `eventID`, `chick1`, `chick2`, `endDate`, `startDate`) VALUES (1045, 50, 250, 250, '1980-04-18 21:24:32', '2012-10-04 12:31:58');
INSERT INTO `fight` (`id`, `eventID`, `chick1`, `chick2`, `endDate`, `startDate`) VALUES (1047, 49, 49, 49, '2002-07-01 17:57:08', '1988-07-14 08:08:09');
INSERT INTO `fight` (`id`, `eventID`, `chick1`, `chick2`, `endDate`, `startDate`) VALUES (1048, 48, 98, 98, '1986-03-03 15:29:31', '1995-12-08 23:28:17');
INSERT INTO `fight` (`id`, `eventID`, `chick1`, `chick2`, `endDate`, `startDate`) VALUES (1049, 1, 1, 1, '2011-09-24 21:42:56', '2016-10-21 02:40:54');
INSERT INTO `fight` (`id`, `eventID`, `chick1`, `chick2`, `endDate`, `startDate`) VALUES (1053, 45, 195, 195, '1992-01-31 06:51:31', '1970-05-25 02:02:41');
INSERT INTO `fight` (`id`, `eventID`, `chick1`, `chick2`, `endDate`, `startDate`) VALUES (1054, 23, 173, 173, '2004-07-24 07:18:08', '2002-08-09 16:30:40');
INSERT INTO `fight` (`id`, `eventID`, `chick1`, `chick2`, `endDate`, `startDate`) VALUES (1056, 27, 227, 227, '2014-11-28 06:17:34', '2000-01-15 20:43:53');
INSERT INTO `fight` (`id`, `eventID`, `chick1`, `chick2`, `endDate`, `startDate`) VALUES (1057, 14, 14, 14, '1989-11-16 04:40:29', '1991-06-30 12:53:39');
INSERT INTO `fight` (`id`, `eventID`, `chick1`, `chick2`, `endDate`, `startDate`) VALUES (1062, 1, 51, 51, '2012-10-04 12:00:10', '2003-12-04 09:49:26');
INSERT INTO `fight` (`id`, `eventID`, `chick1`, `chick2`, `endDate`, `startDate`) VALUES (1063, 36, 86, 86, '2004-02-10 23:23:40', '1990-05-24 10:29:05');
INSERT INTO `fight` (`id`, `eventID`, `chick1`, `chick2`, `endDate`, `startDate`) VALUES (1067, 28, 278, 278, '1977-12-30 06:21:34', '2012-01-22 22:32:31');
INSERT INTO `fight` (`id`, `eventID`, `chick1`, `chick2`, `endDate`, `startDate`) VALUES (1068, 46, 46, 46, '1997-10-19 11:48:34', '1975-02-02 04:31:44');
INSERT INTO `fight` (`id`, `eventID`, `chick1`, `chick2`, `endDate`, `startDate`) VALUES (1070, 9, 9, 9, '1984-05-23 18:26:38', '1989-07-13 03:57:11');
INSERT INTO `fight` (`id`, `eventID`, `chick1`, `chick2`, `endDate`, `startDate`) VALUES (1072, 16, 166, 166, '2011-07-24 20:11:49', '1995-08-05 08:15:00');
INSERT INTO `fight` (`id`, `eventID`, `chick1`, `chick2`, `endDate`, `startDate`) VALUES (1073, 10, 60, 60, '1992-05-11 19:53:43', '2004-04-03 19:46:34');
INSERT INTO `fight` (`id`, `eventID`, `chick1`, `chick2`, `endDate`, `startDate`) VALUES (1074, 10, 10, 10, '2017-11-30 23:51:15', '2011-08-25 23:50:48');
INSERT INTO `fight` (`id`, `eventID`, `chick1`, `chick2`, `endDate`, `startDate`) VALUES (1077, 18, 68, 68, '2005-12-05 13:03:31', '1972-07-29 03:50:07');
INSERT INTO `fight` (`id`, `eventID`, `chick1`, `chick2`, `endDate`, `startDate`) VALUES (1086, 18, 168, 168, '2005-03-07 13:24:57', '1976-03-20 10:01:00');
INSERT INTO `fight` (`id`, `eventID`, `chick1`, `chick2`, `endDate`, `startDate`) VALUES (1087, 5, 105, 105, '1983-05-29 10:00:58', '1991-01-19 05:37:00');
INSERT INTO `fight` (`id`, `eventID`, `chick1`, `chick2`, `endDate`, `startDate`) VALUES (1088, 32, 232, 232, '1974-03-28 13:13:15', '2007-03-19 12:17:56');
INSERT INTO `fight` (`id`, `eventID`, `chick1`, `chick2`, `endDate`, `startDate`) VALUES (1089, 44, 194, 194, '1986-05-30 01:44:01', '1999-08-06 20:19:54');
INSERT INTO `fight` (`id`, `eventID`, `chick1`, `chick2`, `endDate`, `startDate`) VALUES (1090, 15, 215, 215, '1987-12-05 16:11:24', '1971-04-03 05:22:17');
INSERT INTO `fight` (`id`, `eventID`, `chick1`, `chick2`, `endDate`, `startDate`) VALUES (1093, 20, 70, 70, '2013-06-25 22:22:35', '2015-07-27 19:46:14');
INSERT INTO `fight` (`id`, `eventID`, `chick1`, `chick2`, `endDate`, `startDate`) VALUES (1097, 6, 56, 56, '2005-12-18 04:41:53', '2015-08-03 18:36:17');
INSERT INTO `fight` (`id`, `eventID`, `chick1`, `chick2`, `endDate`, `startDate`) VALUES (1098, 43, 93, 93, '1972-09-30 04:03:07', '1972-10-06 08:11:28');
INSERT INTO `fight` (`id`, `eventID`, `chick1`, `chick2`, `endDate`, `startDate`) VALUES (1101, 48, 148, 148, '1987-02-11 10:29:46', '1975-08-26 01:01:49');
INSERT INTO `fight` (`id`, `eventID`, `chick1`, `chick2`, `endDate`, `startDate`) VALUES (1103, 48, 248, 248, '2003-07-01 10:46:11', '2005-10-25 14:43:18');
INSERT INTO `fight` (`id`, `eventID`, `chick1`, `chick2`, `endDate`, `startDate`) VALUES (1104, 7, 7, 7, '2005-05-06 17:10:34', '1972-02-11 15:55:36');
INSERT INTO `fight` (`id`, `eventID`, `chick1`, `chick2`, `endDate`, `startDate`) VALUES (1105, 23, 173, 173, '1999-07-09 20:37:13', '1971-09-30 21:43:46');
INSERT INTO `fight` (`id`, `eventID`, `chick1`, `chick2`, `endDate`, `startDate`) VALUES (1110, 25, 25, 25, '1991-04-17 14:18:39', '1970-09-23 21:51:14');
INSERT INTO `fight` (`id`, `eventID`, `chick1`, `chick2`, `endDate`, `startDate`) VALUES (1111, 42, 292, 292, '2004-10-23 09:19:41', '1989-11-29 20:49:56');
INSERT INTO `fight` (`id`, `eventID`, `chick1`, `chick2`, `endDate`, `startDate`) VALUES (1112, 25, 75, 75, '1996-04-15 23:09:06', '2008-07-09 05:13:42');
INSERT INTO `fight` (`id`, `eventID`, `chick1`, `chick2`, `endDate`, `startDate`) VALUES (1118, 39, 89, 89, '1980-05-22 18:23:23', '1984-06-24 14:28:59');
INSERT INTO `fight` (`id`, `eventID`, `chick1`, `chick2`, `endDate`, `startDate`) VALUES (1119, 34, 34, 34, '1989-02-20 22:15:40', '1975-05-22 12:48:36');
INSERT INTO `fight` (`id`, `eventID`, `chick1`, `chick2`, `endDate`, `startDate`) VALUES (1121, 21, 221, 221, '2011-12-13 16:32:07', '1987-06-24 14:44:08');
INSERT INTO `fight` (`id`, `eventID`, `chick1`, `chick2`, `endDate`, `startDate`) VALUES (1122, 13, 263, 263, '1986-12-12 05:00:30', '1983-01-21 02:26:09');
INSERT INTO `fight` (`id`, `eventID`, `chick1`, `chick2`, `endDate`, `startDate`) VALUES (1126, 9, 159, 159, '1993-11-29 07:35:26', '2012-08-27 06:40:01');
INSERT INTO `fight` (`id`, `eventID`, `chick1`, `chick2`, `endDate`, `startDate`) VALUES (1128, 8, 258, 258, '2018-11-25 20:54:38', '1994-08-13 10:30:40');
INSERT INTO `fight` (`id`, `eventID`, `chick1`, `chick2`, `endDate`, `startDate`) VALUES (1129, 38, 288, 288, '1998-06-19 02:03:05', '1970-02-13 02:19:46');
INSERT INTO `fight` (`id`, `eventID`, `chick1`, `chick2`, `endDate`, `startDate`) VALUES (1130, 36, 236, 236, '2013-05-04 06:31:18', '2009-09-12 12:26:43');
INSERT INTO `fight` (`id`, `eventID`, `chick1`, `chick2`, `endDate`, `startDate`) VALUES (1135, 25, 175, 175, '1994-08-13 04:51:34', '2003-11-11 14:37:43');
INSERT INTO `fight` (`id`, `eventID`, `chick1`, `chick2`, `endDate`, `startDate`) VALUES (1136, 3, 153, 153, '2004-03-02 02:52:07', '2000-11-28 21:38:32');
INSERT INTO `fight` (`id`, `eventID`, `chick1`, `chick2`, `endDate`, `startDate`) VALUES (1140, 5, 155, 155, '1998-07-24 08:06:26', '2000-05-10 07:48:24');
INSERT INTO `fight` (`id`, `eventID`, `chick1`, `chick2`, `endDate`, `startDate`) VALUES (1141, 49, 149, 149, '1998-08-10 19:51:05', '1978-04-26 23:35:30');
INSERT INTO `fight` (`id`, `eventID`, `chick1`, `chick2`, `endDate`, `startDate`) VALUES (1142, 4, 104, 104, '1972-03-27 18:34:40', '2015-07-01 09:09:03');
INSERT INTO `fight` (`id`, `eventID`, `chick1`, `chick2`, `endDate`, `startDate`) VALUES (1150, 42, 92, 92, '1999-01-13 04:31:27', '2011-02-23 15:17:37');
INSERT INTO `fight` (`id`, `eventID`, `chick1`, `chick2`, `endDate`, `startDate`) VALUES (1151, 40, 140, 140, '1989-05-29 06:42:12', '1976-06-25 02:20:42');
INSERT INTO `fight` (`id`, `eventID`, `chick1`, `chick2`, `endDate`, `startDate`) VALUES (1153, 25, 125, 125, '1971-02-21 17:40:12', '1994-10-20 22:45:14');
INSERT INTO `fight` (`id`, `eventID`, `chick1`, `chick2`, `endDate`, `startDate`) VALUES (1154, 32, 82, 82, '2002-11-25 22:04:25', '1989-12-26 07:53:49');
INSERT INTO `fight` (`id`, `eventID`, `chick1`, `chick2`, `endDate`, `startDate`) VALUES (1156, 39, 139, 139, '2005-07-09 21:34:30', '2016-09-16 15:45:02');
INSERT INTO `fight` (`id`, `eventID`, `chick1`, `chick2`, `endDate`, `startDate`) VALUES (1157, 3, 253, 253, '2002-01-08 18:41:49', '1978-12-22 16:15:45');
INSERT INTO `fight` (`id`, `eventID`, `chick1`, `chick2`, `endDate`, `startDate`) VALUES (1158, 1, 101, 101, '1977-10-30 18:31:45', '1998-01-16 16:00:32');
INSERT INTO `fight` (`id`, `eventID`, `chick1`, `chick2`, `endDate`, `startDate`) VALUES (1161, 4, 154, 154, '1977-02-15 09:23:02', '1994-02-18 15:34:22');
INSERT INTO `fight` (`id`, `eventID`, `chick1`, `chick2`, `endDate`, `startDate`) VALUES (1162, 8, 158, 158, '2016-11-12 11:29:54', '1970-03-03 02:06:44');
INSERT INTO `fight` (`id`, `eventID`, `chick1`, `chick2`, `endDate`, `startDate`) VALUES (1166, 16, 266, 266, '2012-01-05 15:41:41', '1972-05-28 04:20:27');
INSERT INTO `fight` (`id`, `eventID`, `chick1`, `chick2`, `endDate`, `startDate`) VALUES (1168, 5, 155, 155, '2001-03-15 20:23:47', '2006-09-01 10:57:28');
INSERT INTO `fight` (`id`, `eventID`, `chick1`, `chick2`, `endDate`, `startDate`) VALUES (1169, 14, 214, 214, '2000-06-19 06:56:13', '1988-03-10 08:42:58');
INSERT INTO `fight` (`id`, `eventID`, `chick1`, `chick2`, `endDate`, `startDate`) VALUES (1175, 30, 180, 180, '2001-11-09 07:32:22', '2014-12-23 16:10:20');
INSERT INTO `fight` (`id`, `eventID`, `chick1`, `chick2`, `endDate`, `startDate`) VALUES (1178, 12, 62, 62, '1979-01-21 13:40:19', '1997-04-07 08:54:54');
INSERT INTO `fight` (`id`, `eventID`, `chick1`, `chick2`, `endDate`, `startDate`) VALUES (1181, 16, 166, 166, '2003-03-15 12:42:53', '2008-10-13 16:42:30');
INSERT INTO `fight` (`id`, `eventID`, `chick1`, `chick2`, `endDate`, `startDate`) VALUES (1183, 40, 290, 290, '1982-07-09 16:22:23', '2015-11-25 03:17:41');
INSERT INTO `fight` (`id`, `eventID`, `chick1`, `chick2`, `endDate`, `startDate`) VALUES (1185, 37, 87, 87, '2010-08-25 05:54:33', '1990-04-06 08:21:22');
INSERT INTO `fight` (`id`, `eventID`, `chick1`, `chick2`, `endDate`, `startDate`) VALUES (1186, 26, 226, 226, '2008-10-24 18:27:28', '1978-01-10 07:30:43');
INSERT INTO `fight` (`id`, `eventID`, `chick1`, `chick2`, `endDate`, `startDate`) VALUES (1187, 49, 49, 49, '2012-07-28 23:46:28', '1978-09-05 23:49:43');
INSERT INTO `fight` (`id`, `eventID`, `chick1`, `chick2`, `endDate`, `startDate`) VALUES (1191, 29, 29, 29, '1979-01-11 11:50:24', '2013-09-06 19:06:54');
INSERT INTO `fight` (`id`, `eventID`, `chick1`, `chick2`, `endDate`, `startDate`) VALUES (1193, 48, 198, 198, '1979-12-09 15:57:04', '1974-07-11 21:49:32');
INSERT INTO `fight` (`id`, `eventID`, `chick1`, `chick2`, `endDate`, `startDate`) VALUES (1195, 47, 197, 197, '1982-03-19 02:18:13', '1972-06-06 04:26:03');
INSERT INTO `fight` (`id`, `eventID`, `chick1`, `chick2`, `endDate`, `startDate`) VALUES (1199, 21, 121, 121, '1995-06-14 01:19:36', '1994-02-27 07:08:07');
INSERT INTO `fight` (`id`, `eventID`, `chick1`, `chick2`, `endDate`, `startDate`) VALUES (1200, 48, 198, 198, '1990-06-28 16:32:58', '1998-03-26 22:05:11');
INSERT INTO `fight` (`id`, `eventID`, `chick1`, `chick2`, `endDate`, `startDate`) VALUES (1201, 9, 59, 59, '1985-11-03 03:37:26', '1983-01-30 22:58:46');
INSERT INTO `fight` (`id`, `eventID`, `chick1`, `chick2`, `endDate`, `startDate`) VALUES (1204, 25, 25, 25, '2012-07-26 09:39:21', '2009-10-12 18:50:07');
INSERT INTO `fight` (`id`, `eventID`, `chick1`, `chick2`, `endDate`, `startDate`) VALUES (1205, 11, 11, 11, '2007-07-31 07:15:03', '1974-03-27 08:07:44');
INSERT INTO `fight` (`id`, `eventID`, `chick1`, `chick2`, `endDate`, `startDate`) VALUES (1207, 9, 159, 159, '1985-08-31 21:22:31', '1975-11-08 23:17:53');
INSERT INTO `fight` (`id`, `eventID`, `chick1`, `chick2`, `endDate`, `startDate`) VALUES (1209, 45, 95, 95, '1994-10-12 23:15:29', '1974-03-27 07:18:52');
INSERT INTO `fight` (`id`, `eventID`, `chick1`, `chick2`, `endDate`, `startDate`) VALUES (1212, 8, 8, 8, '2002-11-24 21:56:47', '2005-04-19 06:12:40');
INSERT INTO `fight` (`id`, `eventID`, `chick1`, `chick2`, `endDate`, `startDate`) VALUES (1213, 23, 23, 23, '1984-01-29 15:15:36', '2000-03-06 01:08:53');
INSERT INTO `fight` (`id`, `eventID`, `chick1`, `chick2`, `endDate`, `startDate`) VALUES (1214, 12, 112, 112, '1983-12-09 03:27:58', '2015-02-01 20:49:41');
INSERT INTO `fight` (`id`, `eventID`, `chick1`, `chick2`, `endDate`, `startDate`) VALUES (1217, 13, 163, 163, '1976-08-18 17:46:23', '1975-04-29 09:29:59');
INSERT INTO `fight` (`id`, `eventID`, `chick1`, `chick2`, `endDate`, `startDate`) VALUES (1218, 19, 219, 219, '1976-12-06 06:03:58', '1976-03-20 13:35:51');
INSERT INTO `fight` (`id`, `eventID`, `chick1`, `chick2`, `endDate`, `startDate`) VALUES (1219, 6, 6, 6, '1973-06-20 06:38:30', '2006-01-28 08:04:19');
INSERT INTO `fight` (`id`, `eventID`, `chick1`, `chick2`, `endDate`, `startDate`) VALUES (1221, 32, 182, 182, '2011-06-17 00:34:13', '1987-11-23 18:33:24');
INSERT INTO `fight` (`id`, `eventID`, `chick1`, `chick2`, `endDate`, `startDate`) VALUES (1223, 41, 241, 241, '1987-07-24 08:24:07', '2016-03-21 08:06:51');
INSERT INTO `fight` (`id`, `eventID`, `chick1`, `chick2`, `endDate`, `startDate`) VALUES (1225, 35, 85, 85, '2000-04-01 20:41:09', '1997-09-25 05:05:22');
INSERT INTO `fight` (`id`, `eventID`, `chick1`, `chick2`, `endDate`, `startDate`) VALUES (1226, 19, 119, 119, '2015-01-20 14:16:05', '2015-04-06 03:51:46');
INSERT INTO `fight` (`id`, `eventID`, `chick1`, `chick2`, `endDate`, `startDate`) VALUES (1227, 18, 218, 218, '1972-12-09 15:22:53', '1989-12-04 19:59:18');
INSERT INTO `fight` (`id`, `eventID`, `chick1`, `chick2`, `endDate`, `startDate`) VALUES (1228, 2, 2, 2, '1970-10-07 06:46:23', '1971-09-24 00:20:02');
INSERT INTO `fight` (`id`, `eventID`, `chick1`, `chick2`, `endDate`, `startDate`) VALUES (1230, 28, 128, 128, '1992-12-05 16:19:34', '2001-05-08 02:46:06');
INSERT INTO `fight` (`id`, `eventID`, `chick1`, `chick2`, `endDate`, `startDate`) VALUES (1235, 9, 259, 259, '2005-10-28 20:02:16', '1984-09-14 07:27:52');
INSERT INTO `fight` (`id`, `eventID`, `chick1`, `chick2`, `endDate`, `startDate`) VALUES (1236, 3, 3, 3, '1999-09-04 19:58:29', '2011-12-22 08:16:47');
INSERT INTO `fight` (`id`, `eventID`, `chick1`, `chick2`, `endDate`, `startDate`) VALUES (1237, 35, 135, 135, '1988-01-14 06:19:15', '2011-09-24 11:16:00');
INSERT INTO `fight` (`id`, `eventID`, `chick1`, `chick2`, `endDate`, `startDate`) VALUES (1240, 43, 43, 43, '2014-09-02 12:45:54', '1982-09-20 07:55:33');
INSERT INTO `fight` (`id`, `eventID`, `chick1`, `chick2`, `endDate`, `startDate`) VALUES (1242, 29, 129, 129, '2015-02-13 08:37:26', '1974-03-11 03:54:30');
INSERT INTO `fight` (`id`, `eventID`, `chick1`, `chick2`, `endDate`, `startDate`) VALUES (1243, 46, 296, 296, '2004-08-30 05:15:55', '1973-08-19 22:43:39');
INSERT INTO `fight` (`id`, `eventID`, `chick1`, `chick2`, `endDate`, `startDate`) VALUES (1244, 29, 179, 179, '1982-10-02 20:09:36', '2002-09-12 14:32:02');
INSERT INTO `fight` (`id`, `eventID`, `chick1`, `chick2`, `endDate`, `startDate`) VALUES (1245, 47, 197, 197, '1994-03-16 08:43:56', '2010-11-21 21:15:00');
INSERT INTO `fight` (`id`, `eventID`, `chick1`, `chick2`, `endDate`, `startDate`) VALUES (1247, 49, 299, 299, '2001-07-27 23:11:32', '1997-10-28 14:25:13');
INSERT INTO `fight` (`id`, `eventID`, `chick1`, `chick2`, `endDate`, `startDate`) VALUES (1248, 25, 125, 125, '2014-10-01 04:36:48', '1971-10-07 08:50:43');
INSERT INTO `fight` (`id`, `eventID`, `chick1`, `chick2`, `endDate`, `startDate`) VALUES (1249, 3, 53, 53, '1984-01-02 14:25:13', '1975-09-25 10:55:52');
INSERT INTO `fight` (`id`, `eventID`, `chick1`, `chick2`, `endDate`, `startDate`) VALUES (1250, 43, 143, 143, '2013-07-06 20:24:27', '1984-04-02 02:01:06');
INSERT INTO `fight` (`id`, `eventID`, `chick1`, `chick2`, `endDate`, `startDate`) VALUES (1252, 29, 79, 79, '1987-05-13 17:06:50', '1990-02-25 08:45:07');
INSERT INTO `fight` (`id`, `eventID`, `chick1`, `chick2`, `endDate`, `startDate`) VALUES (1257, 45, 195, 195, '1998-12-20 01:18:10', '1997-08-02 03:04:06');
INSERT INTO `fight` (`id`, `eventID`, `chick1`, `chick2`, `endDate`, `startDate`) VALUES (1262, 19, 19, 19, '1980-03-22 17:42:43', '2014-03-17 04:28:23');
INSERT INTO `fight` (`id`, `eventID`, `chick1`, `chick2`, `endDate`, `startDate`) VALUES (1268, 40, 40, 40, '1978-04-01 08:55:05', '1999-11-20 11:02:47');
INSERT INTO `fight` (`id`, `eventID`, `chick1`, `chick2`, `endDate`, `startDate`) VALUES (1270, 22, 272, 272, '1998-05-19 10:13:01', '2004-05-31 07:42:43');
INSERT INTO `fight` (`id`, `eventID`, `chick1`, `chick2`, `endDate`, `startDate`) VALUES (1272, 10, 60, 60, '2008-10-18 21:52:26', '2013-03-22 21:26:12');
INSERT INTO `fight` (`id`, `eventID`, `chick1`, `chick2`, `endDate`, `startDate`) VALUES (1275, 31, 31, 31, '1974-03-20 21:59:23', '2009-07-26 22:45:13');
INSERT INTO `fight` (`id`, `eventID`, `chick1`, `chick2`, `endDate`, `startDate`) VALUES (1276, 30, 30, 30, '1993-08-11 06:47:37', '2001-01-02 05:05:14');
INSERT INTO `fight` (`id`, `eventID`, `chick1`, `chick2`, `endDate`, `startDate`) VALUES (1277, 4, 104, 104, '1997-06-10 13:15:49', '1993-06-18 22:59:09');
INSERT INTO `fight` (`id`, `eventID`, `chick1`, `chick2`, `endDate`, `startDate`) VALUES (1281, 14, 164, 164, '2010-02-17 23:20:26', '2006-02-22 01:03:30');
INSERT INTO `fight` (`id`, `eventID`, `chick1`, `chick2`, `endDate`, `startDate`) VALUES (1282, 40, 190, 190, '2016-05-31 10:05:47', '1982-10-04 09:08:05');
INSERT INTO `fight` (`id`, `eventID`, `chick1`, `chick2`, `endDate`, `startDate`) VALUES (1286, 23, 273, 273, '1974-12-17 05:17:37', '2010-02-01 11:49:10');
INSERT INTO `fight` (`id`, `eventID`, `chick1`, `chick2`, `endDate`, `startDate`) VALUES (1287, 20, 170, 170, '1988-05-05 10:25:09', '1986-07-08 23:22:02');
INSERT INTO `fight` (`id`, `eventID`, `chick1`, `chick2`, `endDate`, `startDate`) VALUES (1292, 41, 91, 91, '1979-05-23 15:31:24', '1972-10-25 20:12:42');
INSERT INTO `fight` (`id`, `eventID`, `chick1`, `chick2`, `endDate`, `startDate`) VALUES (1293, 28, 178, 178, '1999-10-24 20:14:04', '2012-11-17 00:41:05');
INSERT INTO `fight` (`id`, `eventID`, `chick1`, `chick2`, `endDate`, `startDate`) VALUES (1294, 34, 84, 84, '2007-09-03 14:37:55', '2017-11-30 22:23:14');
INSERT INTO `fight` (`id`, `eventID`, `chick1`, `chick2`, `endDate`, `startDate`) VALUES (1295, 6, 156, 156, '2009-12-06 11:09:56', '1981-09-07 13:51:44');
INSERT INTO `fight` (`id`, `eventID`, `chick1`, `chick2`, `endDate`, `startDate`) VALUES (1299, 11, 111, 111, '1994-09-06 21:24:53', '1990-10-03 03:54:37');
INSERT INTO `fight` (`id`, `eventID`, `chick1`, `chick2`, `endDate`, `startDate`) VALUES (1304, 8, 8, 8, '1980-11-23 02:12:55', '2003-09-14 11:12:07');
INSERT INTO `fight` (`id`, `eventID`, `chick1`, `chick2`, `endDate`, `startDate`) VALUES (1305, 16, 216, 216, '1988-01-17 02:45:47', '2006-05-08 05:51:17');
INSERT INTO `fight` (`id`, `eventID`, `chick1`, `chick2`, `endDate`, `startDate`) VALUES (1307, 6, 6, 6, '2009-06-16 03:23:16', '1980-06-06 10:09:01');
INSERT INTO `fight` (`id`, `eventID`, `chick1`, `chick2`, `endDate`, `startDate`) VALUES (1308, 30, 230, 230, '1977-04-07 05:30:49', '2006-04-18 17:18:55');
INSERT INTO `fight` (`id`, `eventID`, `chick1`, `chick2`, `endDate`, `startDate`) VALUES (1309, 44, 94, 94, '1988-06-24 04:26:04', '1988-03-14 01:31:47');
INSERT INTO `fight` (`id`, `eventID`, `chick1`, `chick2`, `endDate`, `startDate`) VALUES (1311, 4, 254, 254, '1982-01-03 18:40:11', '1989-05-14 08:03:10');
INSERT INTO `fight` (`id`, `eventID`, `chick1`, `chick2`, `endDate`, `startDate`) VALUES (1313, 15, 115, 115, '1971-09-16 05:03:26', '1998-07-29 04:16:22');
INSERT INTO `fight` (`id`, `eventID`, `chick1`, `chick2`, `endDate`, `startDate`) VALUES (1318, 17, 117, 117, '1978-05-02 03:59:03', '1982-06-26 10:41:50');
INSERT INTO `fight` (`id`, `eventID`, `chick1`, `chick2`, `endDate`, `startDate`) VALUES (1321, 37, 37, 37, '1997-07-22 05:46:27', '1998-02-09 23:50:32');
INSERT INTO `fight` (`id`, `eventID`, `chick1`, `chick2`, `endDate`, `startDate`) VALUES (1322, 29, 129, 129, '1988-08-26 08:18:09', '2009-12-22 17:47:57');
INSERT INTO `fight` (`id`, `eventID`, `chick1`, `chick2`, `endDate`, `startDate`) VALUES (1323, 5, 55, 55, '2017-03-18 18:50:17', '1999-09-08 07:12:45');
INSERT INTO `fight` (`id`, `eventID`, `chick1`, `chick2`, `endDate`, `startDate`) VALUES (1328, 12, 212, 212, '1988-05-23 05:01:05', '2014-10-28 05:13:58');
INSERT INTO `fight` (`id`, `eventID`, `chick1`, `chick2`, `endDate`, `startDate`) VALUES (1330, 49, 149, 149, '1985-08-18 14:12:25', '1995-12-13 06:31:25');
INSERT INTO `fight` (`id`, `eventID`, `chick1`, `chick2`, `endDate`, `startDate`) VALUES (1333, 13, 163, 163, '1995-05-31 12:49:16', '1970-02-14 22:59:46');
INSERT INTO `fight` (`id`, `eventID`, `chick1`, `chick2`, `endDate`, `startDate`) VALUES (1335, 42, 42, 42, '1974-10-01 23:07:44', '2011-01-28 11:28:43');
INSERT INTO `fight` (`id`, `eventID`, `chick1`, `chick2`, `endDate`, `startDate`) VALUES (1339, 40, 240, 240, '1998-04-25 05:57:16', '2001-01-31 08:49:00');
INSERT INTO `fight` (`id`, `eventID`, `chick1`, `chick2`, `endDate`, `startDate`) VALUES (1340, 19, 119, 119, '1993-10-24 14:14:19', '2007-09-05 09:16:20');
INSERT INTO `fight` (`id`, `eventID`, `chick1`, `chick2`, `endDate`, `startDate`) VALUES (1341, 27, 77, 77, '1989-05-11 22:09:54', '2018-07-02 18:50:20');
INSERT INTO `fight` (`id`, `eventID`, `chick1`, `chick2`, `endDate`, `startDate`) VALUES (1342, 33, 83, 83, '2013-09-20 16:08:59', '2016-12-06 23:08:33');
INSERT INTO `fight` (`id`, `eventID`, `chick1`, `chick2`, `endDate`, `startDate`) VALUES (1346, 44, 294, 294, '1970-10-27 21:38:54', '1982-10-17 23:39:24');
INSERT INTO `fight` (`id`, `eventID`, `chick1`, `chick2`, `endDate`, `startDate`) VALUES (1347, 25, 175, 175, '1971-01-29 18:45:19', '2005-03-02 07:08:10');
INSERT INTO `fight` (`id`, `eventID`, `chick1`, `chick2`, `endDate`, `startDate`) VALUES (1348, 7, 157, 157, '1978-12-03 07:25:23', '2014-07-22 02:10:25');
INSERT INTO `fight` (`id`, `eventID`, `chick1`, `chick2`, `endDate`, `startDate`) VALUES (1350, 43, 143, 143, '1985-09-06 04:16:56', '2004-04-19 11:30:47');
INSERT INTO `fight` (`id`, `eventID`, `chick1`, `chick2`, `endDate`, `startDate`) VALUES (1363, 27, 27, 27, '2009-05-25 04:25:03', '1993-12-06 21:06:46');
INSERT INTO `fight` (`id`, `eventID`, `chick1`, `chick2`, `endDate`, `startDate`) VALUES (1369, 43, 243, 243, '2000-08-20 19:54:54', '2012-01-08 00:29:12');
INSERT INTO `fight` (`id`, `eventID`, `chick1`, `chick2`, `endDate`, `startDate`) VALUES (1371, 42, 92, 92, '1994-07-07 14:42:49', '2006-09-24 08:10:21');
INSERT INTO `fight` (`id`, `eventID`, `chick1`, `chick2`, `endDate`, `startDate`) VALUES (1373, 35, 185, 185, '1999-08-05 23:52:49', '1977-02-05 13:48:59');
INSERT INTO `fight` (`id`, `eventID`, `chick1`, `chick2`, `endDate`, `startDate`) VALUES (1374, 5, 5, 5, '1972-05-17 10:42:32', '2016-07-19 21:58:22');
INSERT INTO `fight` (`id`, `eventID`, `chick1`, `chick2`, `endDate`, `startDate`) VALUES (1381, 46, 146, 146, '1972-02-24 22:35:50', '1980-12-24 19:57:59');
INSERT INTO `fight` (`id`, `eventID`, `chick1`, `chick2`, `endDate`, `startDate`) VALUES (1382, 7, 57, 57, '1978-04-17 19:32:44', '2007-11-29 14:57:05');
INSERT INTO `fight` (`id`, `eventID`, `chick1`, `chick2`, `endDate`, `startDate`) VALUES (1385, 48, 298, 298, '1994-12-26 21:25:19', '2002-03-07 23:51:57');
INSERT INTO `fight` (`id`, `eventID`, `chick1`, `chick2`, `endDate`, `startDate`) VALUES (1386, 17, 267, 267, '2018-05-20 06:59:08', '1995-11-02 23:05:49');
INSERT INTO `fight` (`id`, `eventID`, `chick1`, `chick2`, `endDate`, `startDate`) VALUES (1388, 3, 153, 153, '2011-08-29 07:37:19', '2006-02-14 03:43:28');
INSERT INTO `fight` (`id`, `eventID`, `chick1`, `chick2`, `endDate`, `startDate`) VALUES (1389, 21, 171, 171, '1983-09-25 05:04:47', '2009-11-13 06:37:02');
INSERT INTO `fight` (`id`, `eventID`, `chick1`, `chick2`, `endDate`, `startDate`) VALUES (1390, 30, 280, 280, '2011-06-21 02:57:17', '1980-03-07 23:58:17');
INSERT INTO `fight` (`id`, `eventID`, `chick1`, `chick2`, `endDate`, `startDate`) VALUES (1391, 44, 44, 44, '1996-03-30 10:26:22', '2003-09-08 03:36:01');
INSERT INTO `fight` (`id`, `eventID`, `chick1`, `chick2`, `endDate`, `startDate`) VALUES (1392, 5, 205, 205, '2003-01-20 07:22:13', '1985-01-16 15:53:10');
INSERT INTO `fight` (`id`, `eventID`, `chick1`, `chick2`, `endDate`, `startDate`) VALUES (1393, 30, 80, 80, '2000-05-19 01:02:20', '1997-08-05 19:30:27');
INSERT INTO `fight` (`id`, `eventID`, `chick1`, `chick2`, `endDate`, `startDate`) VALUES (1395, 47, 97, 97, '2015-11-09 07:06:11', '1984-10-20 23:04:36');
INSERT INTO `fight` (`id`, `eventID`, `chick1`, `chick2`, `endDate`, `startDate`) VALUES (1396, 32, 282, 282, '1991-05-05 22:51:14', '1973-07-17 09:49:14');
INSERT INTO `fight` (`id`, `eventID`, `chick1`, `chick2`, `endDate`, `startDate`) VALUES (1399, 20, 20, 20, '1974-12-26 23:34:19', '1998-09-18 02:23:25');
INSERT INTO `fight` (`id`, `eventID`, `chick1`, `chick2`, `endDate`, `startDate`) VALUES (1401, 35, 185, 185, '1970-11-14 08:36:54', '1987-07-01 14:02:51');
INSERT INTO `fight` (`id`, `eventID`, `chick1`, `chick2`, `endDate`, `startDate`) VALUES (1404, 8, 58, 58, '1978-02-11 16:59:15', '2003-04-16 06:28:38');
INSERT INTO `fight` (`id`, `eventID`, `chick1`, `chick2`, `endDate`, `startDate`) VALUES (1408, 45, 45, 45, '2018-01-11 08:01:03', '1974-07-27 19:22:06');
INSERT INTO `fight` (`id`, `eventID`, `chick1`, `chick2`, `endDate`, `startDate`) VALUES (1409, 48, 148, 148, '2004-02-09 07:25:15', '1970-05-26 02:01:39');
INSERT INTO `fight` (`id`, `eventID`, `chick1`, `chick2`, `endDate`, `startDate`) VALUES (1410, 37, 37, 37, '1976-05-08 08:46:02', '1975-05-18 20:00:30');
INSERT INTO `fight` (`id`, `eventID`, `chick1`, `chick2`, `endDate`, `startDate`) VALUES (1412, 38, 188, 188, '1993-06-26 10:03:06', '2001-02-13 09:41:41');
INSERT INTO `fight` (`id`, `eventID`, `chick1`, `chick2`, `endDate`, `startDate`) VALUES (1415, 4, 204, 204, '2008-08-16 22:53:15', '2014-02-01 14:53:10');
INSERT INTO `fight` (`id`, `eventID`, `chick1`, `chick2`, `endDate`, `startDate`) VALUES (1418, 2, 52, 52, '1992-11-29 09:45:15', '2004-09-02 06:36:11');
INSERT INTO `fight` (`id`, `eventID`, `chick1`, `chick2`, `endDate`, `startDate`) VALUES (1419, 43, 43, 43, '1975-07-06 11:13:53', '2016-09-20 06:41:25');
INSERT INTO `fight` (`id`, `eventID`, `chick1`, `chick2`, `endDate`, `startDate`) VALUES (1420, 41, 191, 191, '2012-11-29 14:45:18', '1973-12-05 15:06:45');
INSERT INTO `fight` (`id`, `eventID`, `chick1`, `chick2`, `endDate`, `startDate`) VALUES (1422, 4, 154, 154, '1986-03-08 15:10:03', '1993-04-25 11:21:41');
INSERT INTO `fight` (`id`, `eventID`, `chick1`, `chick2`, `endDate`, `startDate`) VALUES (1423, 19, 19, 19, '1985-09-15 23:03:44', '1973-01-04 21:59:39');
INSERT INTO `fight` (`id`, `eventID`, `chick1`, `chick2`, `endDate`, `startDate`) VALUES (1427, 10, 210, 210, '1993-10-22 15:32:23', '1988-05-08 07:32:56');
INSERT INTO `fight` (`id`, `eventID`, `chick1`, `chick2`, `endDate`, `startDate`) VALUES (1428, 22, 122, 122, '1993-01-03 06:56:35', '2013-10-05 19:00:31');
INSERT INTO `fight` (`id`, `eventID`, `chick1`, `chick2`, `endDate`, `startDate`) VALUES (1433, 20, 70, 70, '2002-12-07 07:36:48', '1985-08-01 11:35:01');
INSERT INTO `fight` (`id`, `eventID`, `chick1`, `chick2`, `endDate`, `startDate`) VALUES (1436, 39, 139, 139, '2006-12-22 13:48:21', '2017-07-01 01:22:48');
INSERT INTO `fight` (`id`, `eventID`, `chick1`, `chick2`, `endDate`, `startDate`) VALUES (1440, 33, 33, 33, '1988-01-28 21:03:01', '1989-07-26 02:58:34');
INSERT INTO `fight` (`id`, `eventID`, `chick1`, `chick2`, `endDate`, `startDate`) VALUES (1444, 7, 7, 7, '2001-10-20 17:13:32', '1990-06-04 06:18:19');
INSERT INTO `fight` (`id`, `eventID`, `chick1`, `chick2`, `endDate`, `startDate`) VALUES (1445, 6, 106, 106, '2002-04-04 09:36:45', '1999-07-11 16:07:56');
INSERT INTO `fight` (`id`, `eventID`, `chick1`, `chick2`, `endDate`, `startDate`) VALUES (1449, 17, 217, 217, '1982-05-12 13:16:59', '2010-03-18 07:36:13');
INSERT INTO `fight` (`id`, `eventID`, `chick1`, `chick2`, `endDate`, `startDate`) VALUES (1450, 29, 29, 29, '1980-04-22 11:01:12', '2012-06-04 11:50:47');
INSERT INTO `fight` (`id`, `eventID`, `chick1`, `chick2`, `endDate`, `startDate`) VALUES (1452, 38, 38, 38, '2015-09-27 17:12:42', '2017-11-14 22:08:35');
INSERT INTO `fight` (`id`, `eventID`, `chick1`, `chick2`, `endDate`, `startDate`) VALUES (1454, 33, 233, 233, '1993-05-30 03:09:16', '1995-11-11 14:22:48');
INSERT INTO `fight` (`id`, `eventID`, `chick1`, `chick2`, `endDate`, `startDate`) VALUES (1455, 10, 110, 110, '1972-03-30 09:39:18', '2014-11-21 23:36:57');
INSERT INTO `fight` (`id`, `eventID`, `chick1`, `chick2`, `endDate`, `startDate`) VALUES (1456, 31, 181, 181, '1997-07-21 11:04:51', '2014-01-06 13:42:44');
INSERT INTO `fight` (`id`, `eventID`, `chick1`, `chick2`, `endDate`, `startDate`) VALUES (1457, 42, 42, 42, '1987-02-20 11:59:27', '2000-07-06 08:29:53');
INSERT INTO `fight` (`id`, `eventID`, `chick1`, `chick2`, `endDate`, `startDate`) VALUES (1458, 20, 170, 170, '1985-04-18 12:43:34', '1982-10-30 03:50:54');
INSERT INTO `fight` (`id`, `eventID`, `chick1`, `chick2`, `endDate`, `startDate`) VALUES (1459, 47, 47, 47, '2002-09-18 21:00:02', '1970-07-14 05:19:29');
INSERT INTO `fight` (`id`, `eventID`, `chick1`, `chick2`, `endDate`, `startDate`) VALUES (1460, 24, 224, 224, '2004-11-28 13:09:47', '1988-10-27 13:41:43');
INSERT INTO `fight` (`id`, `eventID`, `chick1`, `chick2`, `endDate`, `startDate`) VALUES (1471, 45, 295, 295, '1975-04-17 02:41:12', '1973-05-09 06:16:34');
INSERT INTO `fight` (`id`, `eventID`, `chick1`, `chick2`, `endDate`, `startDate`) VALUES (1474, 2, 102, 102, '2002-08-01 04:57:27', '1971-08-06 10:46:45');
INSERT INTO `fight` (`id`, `eventID`, `chick1`, `chick2`, `endDate`, `startDate`) VALUES (1475, 2, 2, 2, '2011-06-25 23:12:18', '2004-06-20 12:18:52');
INSERT INTO `fight` (`id`, `eventID`, `chick1`, `chick2`, `endDate`, `startDate`) VALUES (1477, 13, 63, 63, '2002-01-01 00:37:13', '1972-04-07 12:47:00');
INSERT INTO `fight` (`id`, `eventID`, `chick1`, `chick2`, `endDate`, `startDate`) VALUES (1478, 16, 16, 16, '2006-11-25 12:37:53', '1974-09-15 08:31:17');
INSERT INTO `fight` (`id`, `eventID`, `chick1`, `chick2`, `endDate`, `startDate`) VALUES (1479, 41, 291, 291, '2001-07-07 10:10:15', '2018-06-23 10:12:28');
INSERT INTO `fight` (`id`, `eventID`, `chick1`, `chick2`, `endDate`, `startDate`) VALUES (1480, 17, 167, 167, '2018-11-23 23:54:07', '2011-05-12 04:41:27');
INSERT INTO `fight` (`id`, `eventID`, `chick1`, `chick2`, `endDate`, `startDate`) VALUES (1481, 47, 47, 47, '1979-03-25 00:51:14', '1975-08-17 20:15:51');
INSERT INTO `fight` (`id`, `eventID`, `chick1`, `chick2`, `endDate`, `startDate`) VALUES (1482, 46, 196, 196, '1994-04-13 22:37:23', '2014-05-14 05:00:38');
INSERT INTO `fight` (`id`, `eventID`, `chick1`, `chick2`, `endDate`, `startDate`) VALUES (1483, 7, 257, 257, '1978-09-24 14:01:22', '1998-05-01 19:34:38');
INSERT INTO `fight` (`id`, `eventID`, `chick1`, `chick2`, `endDate`, `startDate`) VALUES (1486, 36, 286, 286, '1986-06-30 17:26:24', '1996-12-14 00:25:31');
INSERT INTO `fight` (`id`, `eventID`, `chick1`, `chick2`, `endDate`, `startDate`) VALUES (1488, 46, 246, 246, '1993-01-03 06:01:48', '1980-06-18 14:24:10');
INSERT INTO `fight` (`id`, `eventID`, `chick1`, `chick2`, `endDate`, `startDate`) VALUES (1490, 10, 10, 10, '1984-04-01 02:31:20', '2013-01-05 17:08:09');
INSERT INTO `fight` (`id`, `eventID`, `chick1`, `chick2`, `endDate`, `startDate`) VALUES (1491, 33, 183, 183, '1979-09-18 16:02:28', '2005-03-03 08:24:08');
INSERT INTO `fight` (`id`, `eventID`, `chick1`, `chick2`, `endDate`, `startDate`) VALUES (1493, 35, 35, 35, '1998-07-27 15:55:32', '1976-06-10 02:08:20');
INSERT INTO `fight` (`id`, `eventID`, `chick1`, `chick2`, `endDate`, `startDate`) VALUES (1494, 43, 193, 193, '2001-05-27 20:00:47', '1988-02-21 22:33:17');
INSERT INTO `fight` (`id`, `eventID`, `chick1`, `chick2`, `endDate`, `startDate`) VALUES (1495, 2, 252, 252, '1983-04-18 16:09:15', '1990-09-19 05:31:31');
INSERT INTO `fight` (`id`, `eventID`, `chick1`, `chick2`, `endDate`, `startDate`) VALUES (1496, 39, 239, 239, '2006-04-24 12:45:20', '2016-05-24 01:08:36');
INSERT INTO `fight` (`id`, `eventID`, `chick1`, `chick2`, `endDate`, `startDate`) VALUES (1498, 36, 36, 36, '2000-02-17 00:16:42', '1985-12-12 08:01:35');
INSERT INTO `fight` (`id`, `eventID`, `chick1`, `chick2`, `endDate`, `startDate`) VALUES (1500, 33, 183, 183, '1975-03-27 00:55:07', '1988-03-07 23:17:49');
INSERT INTO `fight` (`id`, `eventID`, `chick1`, `chick2`, `endDate`, `startDate`) VALUES (1502, 28, 78, 78, '1992-01-18 19:41:15', '2003-07-30 05:06:05');
INSERT INTO `fight` (`id`, `eventID`, `chick1`, `chick2`, `endDate`, `startDate`) VALUES (1503, 12, 162, 162, '1980-10-16 08:00:46', '2006-06-22 14:38:22');
INSERT INTO `fight` (`id`, `eventID`, `chick1`, `chick2`, `endDate`, `startDate`) VALUES (1504, 44, 44, 44, '2016-07-24 07:35:31', '1984-07-21 01:26:45');
INSERT INTO `fight` (`id`, `eventID`, `chick1`, `chick2`, `endDate`, `startDate`) VALUES (1505, 7, 57, 57, '1983-02-02 09:34:21', '2003-12-07 23:28:06');
INSERT INTO `fight` (`id`, `eventID`, `chick1`, `chick2`, `endDate`, `startDate`) VALUES (1506, 10, 160, 160, '1995-09-07 21:13:54', '2007-10-25 00:52:32');
INSERT INTO `fight` (`id`, `eventID`, `chick1`, `chick2`, `endDate`, `startDate`) VALUES (1510, 49, 199, 199, '2013-04-07 13:45:04', '1986-08-26 12:35:00');
INSERT INTO `fight` (`id`, `eventID`, `chick1`, `chick2`, `endDate`, `startDate`) VALUES (1511, 14, 14, 14, '1971-02-06 15:53:06', '1973-03-20 22:22:21');
INSERT INTO `fight` (`id`, `eventID`, `chick1`, `chick2`, `endDate`, `startDate`) VALUES (1512, 11, 111, 111, '1986-01-02 05:42:36', '1983-12-11 20:36:53');
INSERT INTO `fight` (`id`, `eventID`, `chick1`, `chick2`, `endDate`, `startDate`) VALUES (1513, 33, 83, 83, '1973-01-08 05:40:03', '2010-12-14 05:33:11');
INSERT INTO `fight` (`id`, `eventID`, `chick1`, `chick2`, `endDate`, `startDate`) VALUES (1514, 19, 69, 69, '2006-10-30 20:53:41', '1987-11-12 05:09:21');
INSERT INTO `fight` (`id`, `eventID`, `chick1`, `chick2`, `endDate`, `startDate`) VALUES (1519, 37, 137, 137, '2003-09-03 02:24:42', '1973-06-18 21:18:01');
INSERT INTO `fight` (`id`, `eventID`, `chick1`, `chick2`, `endDate`, `startDate`) VALUES (1520, 13, 213, 213, '1988-10-28 10:18:30', '1989-08-15 21:16:59');
INSERT INTO `fight` (`id`, `eventID`, `chick1`, `chick2`, `endDate`, `startDate`) VALUES (1523, 15, 165, 165, '2006-05-07 12:22:03', '1974-02-06 19:19:54');
INSERT INTO `fight` (`id`, `eventID`, `chick1`, `chick2`, `endDate`, `startDate`) VALUES (1525, 3, 103, 103, '2012-09-09 06:57:31', '2009-08-29 23:18:38');
INSERT INTO `fight` (`id`, `eventID`, `chick1`, `chick2`, `endDate`, `startDate`) VALUES (1528, 49, 99, 99, '1978-11-10 20:40:26', '1995-02-26 17:05:01');
INSERT INTO `fight` (`id`, `eventID`, `chick1`, `chick2`, `endDate`, `startDate`) VALUES (1530, 44, 144, 144, '1970-10-11 08:48:53', '2010-06-13 23:49:29');
INSERT INTO `fight` (`id`, `eventID`, `chick1`, `chick2`, `endDate`, `startDate`) VALUES (1531, 24, 174, 174, '1976-07-06 18:28:14', '2018-08-27 08:16:27');
INSERT INTO `fight` (`id`, `eventID`, `chick1`, `chick2`, `endDate`, `startDate`) VALUES (1534, 39, 89, 89, '1996-02-13 07:19:35', '2017-06-29 15:11:01');
INSERT INTO `fight` (`id`, `eventID`, `chick1`, `chick2`, `endDate`, `startDate`) VALUES (1540, 32, 82, 82, '1997-07-23 01:33:51', '1991-05-26 21:19:10');
INSERT INTO `fight` (`id`, `eventID`, `chick1`, `chick2`, `endDate`, `startDate`) VALUES (1543, 31, 181, 181, '1975-10-20 10:22:33', '1970-12-21 21:56:55');
INSERT INTO `fight` (`id`, `eventID`, `chick1`, `chick2`, `endDate`, `startDate`) VALUES (1544, 15, 165, 165, '2009-01-25 19:33:34', '2013-08-20 08:21:01');
INSERT INTO `fight` (`id`, `eventID`, `chick1`, `chick2`, `endDate`, `startDate`) VALUES (1545, 17, 67, 67, '2012-07-28 05:05:26', '1984-10-16 15:47:55');
INSERT INTO `fight` (`id`, `eventID`, `chick1`, `chick2`, `endDate`, `startDate`) VALUES (1547, 16, 116, 116, '1990-09-10 18:34:14', '1998-04-27 16:19:10');
INSERT INTO `fight` (`id`, `eventID`, `chick1`, `chick2`, `endDate`, `startDate`) VALUES (1550, 29, 279, 279, '1995-11-09 23:34:06', '2004-05-18 11:07:48');
INSERT INTO `fight` (`id`, `eventID`, `chick1`, `chick2`, `endDate`, `startDate`) VALUES (1553, 47, 147, 147, '1979-04-03 13:31:00', '2012-10-13 07:54:15');
INSERT INTO `fight` (`id`, `eventID`, `chick1`, `chick2`, `endDate`, `startDate`) VALUES (1554, 5, 55, 55, '2018-12-29 06:42:39', '2016-07-26 19:07:16');
INSERT INTO `fight` (`id`, `eventID`, `chick1`, `chick2`, `endDate`, `startDate`) VALUES (1555, 23, 123, 123, '1982-06-08 22:11:42', '1985-01-22 19:39:42');
INSERT INTO `fight` (`id`, `eventID`, `chick1`, `chick2`, `endDate`, `startDate`) VALUES (1556, 12, 162, 162, '1978-03-26 20:44:03', '1985-06-24 05:44:34');
INSERT INTO `fight` (`id`, `eventID`, `chick1`, `chick2`, `endDate`, `startDate`) VALUES (1558, 42, 142, 142, '2003-08-24 18:06:00', '1988-06-12 14:48:11');
INSERT INTO `fight` (`id`, `eventID`, `chick1`, `chick2`, `endDate`, `startDate`) VALUES (1560, 1, 201, 201, '2016-12-05 18:25:13', '2017-06-12 08:53:36');
INSERT INTO `fight` (`id`, `eventID`, `chick1`, `chick2`, `endDate`, `startDate`) VALUES (1563, 4, 4, 4, '1990-03-17 04:10:20', '1977-08-06 08:09:15');
INSERT INTO `fight` (`id`, `eventID`, `chick1`, `chick2`, `endDate`, `startDate`) VALUES (1564, 27, 277, 277, '2009-11-03 13:54:29', '1989-10-06 18:30:08');
INSERT INTO `fight` (`id`, `eventID`, `chick1`, `chick2`, `endDate`, `startDate`) VALUES (1566, 30, 130, 130, '1977-09-09 04:09:34', '2008-10-30 15:45:33');
INSERT INTO `fight` (`id`, `eventID`, `chick1`, `chick2`, `endDate`, `startDate`) VALUES (1570, 19, 169, 169, '2002-12-17 01:25:39', '1983-02-03 20:11:17');
INSERT INTO `fight` (`id`, `eventID`, `chick1`, `chick2`, `endDate`, `startDate`) VALUES (1572, 37, 137, 137, '1974-12-10 21:02:19', '2012-03-06 06:09:49');
INSERT INTO `fight` (`id`, `eventID`, `chick1`, `chick2`, `endDate`, `startDate`) VALUES (1574, 14, 164, 164, '1972-08-22 12:13:04', '1981-05-12 10:15:25');
INSERT INTO `fight` (`id`, `eventID`, `chick1`, `chick2`, `endDate`, `startDate`) VALUES (1576, 32, 132, 132, '2012-03-18 09:02:59', '1977-08-06 13:27:13');
INSERT INTO `fight` (`id`, `eventID`, `chick1`, `chick2`, `endDate`, `startDate`) VALUES (1577, 24, 274, 274, '2008-02-19 01:58:58', '1981-03-24 21:40:49');
INSERT INTO `fight` (`id`, `eventID`, `chick1`, `chick2`, `endDate`, `startDate`) VALUES (1579, 26, 76, 76, '2016-10-06 01:20:55', '1995-08-02 03:46:53');
INSERT INTO `fight` (`id`, `eventID`, `chick1`, `chick2`, `endDate`, `startDate`) VALUES (1580, 24, 174, 174, '2004-12-11 06:47:10', '2009-06-11 08:59:05');
INSERT INTO `fight` (`id`, `eventID`, `chick1`, `chick2`, `endDate`, `startDate`) VALUES (1584, 50, 300, 300, '1979-11-11 00:19:50', '2004-03-06 13:13:08');
INSERT INTO `fight` (`id`, `eventID`, `chick1`, `chick2`, `endDate`, `startDate`) VALUES (1585, 28, 28, 28, '1980-12-25 08:39:43', '1994-06-26 11:46:59');
INSERT INTO `fight` (`id`, `eventID`, `chick1`, `chick2`, `endDate`, `startDate`) VALUES (1586, 10, 110, 110, '1973-07-22 10:13:15', '1984-06-25 04:34:04');
INSERT INTO `fight` (`id`, `eventID`, `chick1`, `chick2`, `endDate`, `startDate`) VALUES (1587, 45, 145, 145, '1986-04-23 17:57:58', '2008-03-06 23:07:16');
INSERT INTO `fight` (`id`, `eventID`, `chick1`, `chick2`, `endDate`, `startDate`) VALUES (1588, 38, 38, 38, '1996-01-13 09:35:35', '1985-03-05 21:47:48');
INSERT INTO `fight` (`id`, `eventID`, `chick1`, `chick2`, `endDate`, `startDate`) VALUES (1594, 14, 264, 264, '1972-03-29 15:08:55', '2002-12-05 21:34:21');
INSERT INTO `fight` (`id`, `eventID`, `chick1`, `chick2`, `endDate`, `startDate`) VALUES (1595, 50, 150, 150, '1995-09-02 04:40:49', '1978-07-19 02:24:33');
INSERT INTO `fight` (`id`, `eventID`, `chick1`, `chick2`, `endDate`, `startDate`) VALUES (1596, 38, 238, 238, '1972-02-02 17:39:46', '1999-06-09 01:28:12');
INSERT INTO `fight` (`id`, `eventID`, `chick1`, `chick2`, `endDate`, `startDate`) VALUES (1597, 32, 32, 32, '1990-08-28 17:15:46', '2007-02-21 01:14:30');
INSERT INTO `fight` (`id`, `eventID`, `chick1`, `chick2`, `endDate`, `startDate`) VALUES (1599, 50, 100, 100, '2002-09-09 06:20:59', '2014-07-25 00:52:06');
INSERT INTO `fight` (`id`, `eventID`, `chick1`, `chick2`, `endDate`, `startDate`) VALUES (1603, 8, 208, 208, '1981-09-01 08:32:17', '2007-07-14 19:46:13');
INSERT INTO `fight` (`id`, `eventID`, `chick1`, `chick2`, `endDate`, `startDate`) VALUES (1605, 11, 161, 161, '2012-11-08 19:33:09', '2011-06-01 14:36:19');
INSERT INTO `fight` (`id`, `eventID`, `chick1`, `chick2`, `endDate`, `startDate`) VALUES (1606, 19, 169, 169, '2000-06-30 03:38:16', '1992-11-04 12:06:04');
INSERT INTO `fight` (`id`, `eventID`, `chick1`, `chick2`, `endDate`, `startDate`) VALUES (1607, 17, 117, 117, '1982-09-16 21:54:45', '1980-02-06 01:49:11');
INSERT INTO `fight` (`id`, `eventID`, `chick1`, `chick2`, `endDate`, `startDate`) VALUES (1608, 5, 105, 105, '1979-04-16 05:52:57', '1984-09-18 09:24:04');
INSERT INTO `fight` (`id`, `eventID`, `chick1`, `chick2`, `endDate`, `startDate`) VALUES (1610, 32, 32, 32, '1987-09-26 18:22:10', '1978-07-23 15:11:31');
INSERT INTO `fight` (`id`, `eventID`, `chick1`, `chick2`, `endDate`, `startDate`) VALUES (1611, 50, 150, 150, '1994-10-05 10:16:14', '1974-08-04 19:41:33');
INSERT INTO `fight` (`id`, `eventID`, `chick1`, `chick2`, `endDate`, `startDate`) VALUES (1612, 26, 126, 126, '1975-02-26 19:20:45', '1989-08-16 13:10:54');
INSERT INTO `fight` (`id`, `eventID`, `chick1`, `chick2`, `endDate`, `startDate`) VALUES (1618, 24, 74, 74, '2009-08-31 06:34:21', '1984-05-27 23:32:50');
INSERT INTO `fight` (`id`, `eventID`, `chick1`, `chick2`, `endDate`, `startDate`) VALUES (1619, 19, 269, 269, '1985-11-03 13:24:53', '1992-02-10 23:08:26');
INSERT INTO `fight` (`id`, `eventID`, `chick1`, `chick2`, `endDate`, `startDate`) VALUES (1620, 10, 160, 160, '1981-09-13 04:11:27', '1984-04-07 07:23:16');
INSERT INTO `fight` (`id`, `eventID`, `chick1`, `chick2`, `endDate`, `startDate`) VALUES (1622, 6, 256, 256, '1990-12-12 03:02:14', '2009-07-24 10:05:20');
INSERT INTO `fight` (`id`, `eventID`, `chick1`, `chick2`, `endDate`, `startDate`) VALUES (1623, 29, 179, 179, '2018-04-09 11:28:16', '2005-08-18 23:30:06');
INSERT INTO `fight` (`id`, `eventID`, `chick1`, `chick2`, `endDate`, `startDate`) VALUES (1624, 34, 34, 34, '1990-07-28 03:03:40', '1998-03-10 22:44:48');
INSERT INTO `fight` (`id`, `eventID`, `chick1`, `chick2`, `endDate`, `startDate`) VALUES (1630, 38, 188, 188, '2018-04-25 03:30:52', '2008-04-08 13:36:06');
INSERT INTO `fight` (`id`, `eventID`, `chick1`, `chick2`, `endDate`, `startDate`) VALUES (1631, 42, 242, 242, '1995-05-21 04:01:33', '1997-04-14 18:51:15');
INSERT INTO `fight` (`id`, `eventID`, `chick1`, `chick2`, `endDate`, `startDate`) VALUES (1633, 29, 79, 79, '2012-08-30 07:15:04', '1972-12-07 10:15:11');
INSERT INTO `fight` (`id`, `eventID`, `chick1`, `chick2`, `endDate`, `startDate`) VALUES (1635, 1, 251, 251, '2014-04-22 14:28:16', '1977-07-17 05:26:05');
INSERT INTO `fight` (`id`, `eventID`, `chick1`, `chick2`, `endDate`, `startDate`) VALUES (1637, 12, 12, 12, '1998-08-03 03:35:30', '1984-06-17 05:49:47');
INSERT INTO `fight` (`id`, `eventID`, `chick1`, `chick2`, `endDate`, `startDate`) VALUES (1638, 15, 65, 65, '1991-10-05 20:38:32', '1971-03-15 14:52:24');
INSERT INTO `fight` (`id`, `eventID`, `chick1`, `chick2`, `endDate`, `startDate`) VALUES (1639, 11, 261, 261, '1981-11-30 23:27:01', '2017-06-04 03:37:59');
INSERT INTO `fight` (`id`, `eventID`, `chick1`, `chick2`, `endDate`, `startDate`) VALUES (1642, 31, 231, 231, '1986-09-26 01:43:44', '2001-07-24 13:20:40');
INSERT INTO `fight` (`id`, `eventID`, `chick1`, `chick2`, `endDate`, `startDate`) VALUES (1647, 2, 152, 152, '1970-06-19 22:01:43', '1991-03-10 05:29:55');
INSERT INTO `fight` (`id`, `eventID`, `chick1`, `chick2`, `endDate`, `startDate`) VALUES (1648, 27, 177, 177, '2005-03-06 13:43:05', '1991-03-01 23:15:30');
INSERT INTO `fight` (`id`, `eventID`, `chick1`, `chick2`, `endDate`, `startDate`) VALUES (1649, 26, 26, 26, '1991-10-04 22:42:04', '1990-02-21 11:15:04');
INSERT INTO `fight` (`id`, `eventID`, `chick1`, `chick2`, `endDate`, `startDate`) VALUES (1650, 42, 192, 192, '2007-09-12 17:29:41', '1989-08-12 16:49:19');
INSERT INTO `fight` (`id`, `eventID`, `chick1`, `chick2`, `endDate`, `startDate`) VALUES (1653, 46, 46, 46, '1973-11-01 20:48:09', '1990-12-29 20:53:52');
INSERT INTO `fight` (`id`, `eventID`, `chick1`, `chick2`, `endDate`, `startDate`) VALUES (1654, 12, 12, 12, '1975-09-26 12:42:36', '1995-09-06 12:11:19');
INSERT INTO `fight` (`id`, `eventID`, `chick1`, `chick2`, `endDate`, `startDate`) VALUES (1657, 37, 187, 187, '1998-01-07 11:03:26', '2010-06-19 13:48:04');
INSERT INTO `fight` (`id`, `eventID`, `chick1`, `chick2`, `endDate`, `startDate`) VALUES (1658, 46, 146, 146, '2018-12-05 23:07:42', '1998-09-23 22:54:08');
INSERT INTO `fight` (`id`, `eventID`, `chick1`, `chick2`, `endDate`, `startDate`) VALUES (1659, 20, 20, 20, '2018-08-17 13:18:18', '2014-05-29 23:28:39');
INSERT INTO `fight` (`id`, `eventID`, `chick1`, `chick2`, `endDate`, `startDate`) VALUES (1662, 26, 176, 176, '2005-05-25 11:52:33', '2001-09-23 17:47:04');
INSERT INTO `fight` (`id`, `eventID`, `chick1`, `chick2`, `endDate`, `startDate`) VALUES (1663, 44, 244, 244, '2004-06-11 15:11:39', '1979-12-25 11:38:20');
INSERT INTO `fight` (`id`, `eventID`, `chick1`, `chick2`, `endDate`, `startDate`) VALUES (1664, 44, 194, 194, '1988-11-15 03:28:46', '1993-08-24 03:34:20');
INSERT INTO `fight` (`id`, `eventID`, `chick1`, `chick2`, `endDate`, `startDate`) VALUES (1665, 31, 31, 31, '1980-07-26 19:45:18', '2009-02-16 20:44:33');
INSERT INTO `fight` (`id`, `eventID`, `chick1`, `chick2`, `endDate`, `startDate`) VALUES (1667, 42, 142, 142, '1999-01-15 18:01:28', '1992-01-25 01:55:04');
INSERT INTO `fight` (`id`, `eventID`, `chick1`, `chick2`, `endDate`, `startDate`) VALUES (1668, 8, 108, 108, '2016-04-28 17:35:53', '1970-10-19 12:32:35');
INSERT INTO `fight` (`id`, `eventID`, `chick1`, `chick2`, `endDate`, `startDate`) VALUES (1670, 28, 28, 28, '1988-03-30 10:20:37', '1971-03-08 22:16:49');
INSERT INTO `fight` (`id`, `eventID`, `chick1`, `chick2`, `endDate`, `startDate`) VALUES (1671, 2, 102, 102, '1988-04-25 05:57:00', '1979-10-21 22:15:10');
INSERT INTO `fight` (`id`, `eventID`, `chick1`, `chick2`, `endDate`, `startDate`) VALUES (1674, 4, 4, 4, '2005-08-26 23:36:45', '1991-10-03 06:01:17');
INSERT INTO `fight` (`id`, `eventID`, `chick1`, `chick2`, `endDate`, `startDate`) VALUES (1677, 36, 36, 36, '1985-08-24 03:46:26', '1982-08-07 06:46:34');
INSERT INTO `fight` (`id`, `eventID`, `chick1`, `chick2`, `endDate`, `startDate`) VALUES (1679, 45, 245, 245, '1973-02-24 10:28:43', '2011-02-11 08:24:41');
INSERT INTO `fight` (`id`, `eventID`, `chick1`, `chick2`, `endDate`, `startDate`) VALUES (1681, 1, 1, 1, '1984-02-24 07:39:49', '1985-09-09 20:11:28');
INSERT INTO `fight` (`id`, `eventID`, `chick1`, `chick2`, `endDate`, `startDate`) VALUES (1683, 27, 127, 127, '2002-07-10 11:01:37', '2008-03-24 01:50:08');
INSERT INTO `fight` (`id`, `eventID`, `chick1`, `chick2`, `endDate`, `startDate`) VALUES (1684, 38, 138, 138, '1996-05-14 01:51:49', '2010-12-05 23:22:27');
INSERT INTO `fight` (`id`, `eventID`, `chick1`, `chick2`, `endDate`, `startDate`) VALUES (1687, 5, 5, 5, '1973-10-13 08:30:41', '1978-04-06 15:33:42');
INSERT INTO `fight` (`id`, `eventID`, `chick1`, `chick2`, `endDate`, `startDate`) VALUES (1688, 23, 73, 73, '1971-01-24 10:35:42', '1994-02-01 08:26:44');
INSERT INTO `fight` (`id`, `eventID`, `chick1`, `chick2`, `endDate`, `startDate`) VALUES (1689, 30, 80, 80, '2016-02-28 14:02:09', '2005-08-08 14:16:49');
INSERT INTO `fight` (`id`, `eventID`, `chick1`, `chick2`, `endDate`, `startDate`) VALUES (1690, 24, 124, 124, '1982-01-19 11:01:02', '2004-04-12 13:47:26');
INSERT INTO `fight` (`id`, `eventID`, `chick1`, `chick2`, `endDate`, `startDate`) VALUES (1691, 41, 141, 141, '2009-08-06 07:53:35', '1993-06-13 14:51:16');
INSERT INTO `fight` (`id`, `eventID`, `chick1`, `chick2`, `endDate`, `startDate`) VALUES (1695, 49, 99, 99, '2006-09-27 00:23:25', '2011-02-02 09:46:58');
INSERT INTO `fight` (`id`, `eventID`, `chick1`, `chick2`, `endDate`, `startDate`) VALUES (1698, 15, 65, 65, '1971-08-22 15:54:35', '1991-10-19 12:15:43');
INSERT INTO `fight` (`id`, `eventID`, `chick1`, `chick2`, `endDate`, `startDate`) VALUES (1699, 13, 13, 13, '1975-06-04 09:38:51', '1987-02-11 21:30:27');
INSERT INTO `fight` (`id`, `eventID`, `chick1`, `chick2`, `endDate`, `startDate`) VALUES (1700, 47, 97, 97, '1983-01-05 10:19:11', '1971-01-20 09:05:52');
INSERT INTO `fight` (`id`, `eventID`, `chick1`, `chick2`, `endDate`, `startDate`) VALUES (1702, 37, 237, 237, '1999-12-14 10:04:02', '2004-12-20 10:26:59');
INSERT INTO `fight` (`id`, `eventID`, `chick1`, `chick2`, `endDate`, `startDate`) VALUES (1703, 8, 158, 158, '2010-03-05 23:33:10', '2012-08-23 20:59:13');
INSERT INTO `fight` (`id`, `eventID`, `chick1`, `chick2`, `endDate`, `startDate`) VALUES (1704, 1, 101, 101, '1991-06-27 18:30:13', '1976-11-12 12:13:06');
INSERT INTO `fight` (`id`, `eventID`, `chick1`, `chick2`, `endDate`, `startDate`) VALUES (1705, 38, 138, 138, '1996-11-15 19:32:56', '2012-07-21 06:42:01');
INSERT INTO `fight` (`id`, `eventID`, `chick1`, `chick2`, `endDate`, `startDate`) VALUES (1706, 32, 182, 182, '1986-08-27 01:14:07', '2015-01-18 23:55:49');
INSERT INTO `fight` (`id`, `eventID`, `chick1`, `chick2`, `endDate`, `startDate`) VALUES (1707, 36, 186, 186, '1996-06-11 23:22:14', '1976-08-08 18:03:38');
INSERT INTO `fight` (`id`, `eventID`, `chick1`, `chick2`, `endDate`, `startDate`) VALUES (1709, 18, 268, 268, '1988-07-14 11:22:43', '2018-05-26 05:13:44');
INSERT INTO `fight` (`id`, `eventID`, `chick1`, `chick2`, `endDate`, `startDate`) VALUES (1710, 22, 172, 172, '2004-12-04 22:53:44', '2001-03-22 15:27:54');
INSERT INTO `fight` (`id`, `eventID`, `chick1`, `chick2`, `endDate`, `startDate`) VALUES (1714, 26, 176, 176, '1986-10-20 02:55:33', '2002-03-03 06:06:40');
INSERT INTO `fight` (`id`, `eventID`, `chick1`, `chick2`, `endDate`, `startDate`) VALUES (1715, 27, 127, 127, '2002-08-24 09:08:52', '2017-07-11 08:46:09');
INSERT INTO `fight` (`id`, `eventID`, `chick1`, `chick2`, `endDate`, `startDate`) VALUES (1716, 8, 108, 108, '1972-07-16 11:57:25', '2008-05-06 01:26:00');
INSERT INTO `fight` (`id`, `eventID`, `chick1`, `chick2`, `endDate`, `startDate`) VALUES (1719, 9, 209, 209, '1995-09-19 14:41:37', '1986-05-01 20:24:16');
INSERT INTO `fight` (`id`, `eventID`, `chick1`, `chick2`, `endDate`, `startDate`) VALUES (1720, 4, 54, 54, '1984-07-11 04:05:05', '1990-08-20 10:43:58');
INSERT INTO `fight` (`id`, `eventID`, `chick1`, `chick2`, `endDate`, `startDate`) VALUES (1721, 47, 147, 147, '2008-07-10 15:24:39', '2018-01-10 05:13:52');
INSERT INTO `fight` (`id`, `eventID`, `chick1`, `chick2`, `endDate`, `startDate`) VALUES (1725, 45, 45, 45, '1974-07-07 14:47:09', '1970-10-18 22:06:51');
INSERT INTO `fight` (`id`, `eventID`, `chick1`, `chick2`, `endDate`, `startDate`) VALUES (1727, 11, 161, 161, '2006-01-30 07:54:43', '2014-06-20 15:41:08');
INSERT INTO `fight` (`id`, `eventID`, `chick1`, `chick2`, `endDate`, `startDate`) VALUES (1731, 34, 284, 284, '1999-06-12 00:11:38', '1999-06-13 06:57:25');
INSERT INTO `fight` (`id`, `eventID`, `chick1`, `chick2`, `endDate`, `startDate`) VALUES (1732, 38, 88, 88, '1988-02-21 05:53:06', '1992-01-14 18:38:47');
INSERT INTO `fight` (`id`, `eventID`, `chick1`, `chick2`, `endDate`, `startDate`) VALUES (1733, 33, 33, 33, '2006-02-21 18:05:30', '1982-03-10 22:11:03');
INSERT INTO `fight` (`id`, `eventID`, `chick1`, `chick2`, `endDate`, `startDate`) VALUES (1734, 11, 211, 211, '1974-11-28 05:53:31', '2013-04-07 14:08:23');
INSERT INTO `fight` (`id`, `eventID`, `chick1`, `chick2`, `endDate`, `startDate`) VALUES (1735, 24, 24, 24, '1972-06-26 22:07:25', '2004-10-31 13:54:34');
INSERT INTO `fight` (`id`, `eventID`, `chick1`, `chick2`, `endDate`, `startDate`) VALUES (1737, 9, 109, 109, '2001-02-09 01:37:43', '2005-06-09 10:57:43');
INSERT INTO `fight` (`id`, `eventID`, `chick1`, `chick2`, `endDate`, `startDate`) VALUES (1740, 1, 151, 151, '1972-09-03 01:59:22', '1983-06-30 01:06:59');
INSERT INTO `fight` (`id`, `eventID`, `chick1`, `chick2`, `endDate`, `startDate`) VALUES (1743, 34, 184, 184, '1983-08-09 12:00:55', '1987-10-09 00:51:52');
INSERT INTO `fight` (`id`, `eventID`, `chick1`, `chick2`, `endDate`, `startDate`) VALUES (1744, 3, 103, 103, '2010-11-04 18:48:06', '2010-07-18 14:54:29');
INSERT INTO `fight` (`id`, `eventID`, `chick1`, `chick2`, `endDate`, `startDate`) VALUES (1745, 40, 90, 90, '1995-01-01 04:22:28', '1971-08-22 06:54:03');
INSERT INTO `fight` (`id`, `eventID`, `chick1`, `chick2`, `endDate`, `startDate`) VALUES (1750, 35, 235, 235, '1989-12-05 23:39:47', '2004-06-12 00:07:01');
INSERT INTO `fight` (`id`, `eventID`, `chick1`, `chick2`, `endDate`, `startDate`) VALUES (1753, 36, 186, 186, '1981-03-12 14:56:32', '1973-03-31 09:17:57');
INSERT INTO `fight` (`id`, `eventID`, `chick1`, `chick2`, `endDate`, `startDate`) VALUES (1755, 22, 72, 72, '2013-04-05 04:24:30', '2011-10-18 15:09:56');
INSERT INTO `fight` (`id`, `eventID`, `chick1`, `chick2`, `endDate`, `startDate`) VALUES (1756, 35, 85, 85, '1980-02-26 23:47:34', '1975-06-20 09:01:51');
INSERT INTO `fight` (`id`, `eventID`, `chick1`, `chick2`, `endDate`, `startDate`) VALUES (1759, 50, 50, 50, '1994-01-03 04:17:24', '1979-12-31 18:30:05');
INSERT INTO `fight` (`id`, `eventID`, `chick1`, `chick2`, `endDate`, `startDate`) VALUES (1763, 34, 184, 184, '1986-05-14 02:16:00', '1974-08-09 05:09:21');
INSERT INTO `fight` (`id`, `eventID`, `chick1`, `chick2`, `endDate`, `startDate`) VALUES (1764, 18, 118, 118, '1973-02-08 22:37:57', '2016-05-05 19:48:28');
INSERT INTO `fight` (`id`, `eventID`, `chick1`, `chick2`, `endDate`, `startDate`) VALUES (1770, 9, 109, 109, '1980-12-28 07:04:31', '2017-09-25 16:10:39');
INSERT INTO `fight` (`id`, `eventID`, `chick1`, `chick2`, `endDate`, `startDate`) VALUES (1772, 50, 50, 50, '1976-07-11 02:13:48', '1994-04-25 03:11:19');
INSERT INTO `fight` (`id`, `eventID`, `chick1`, `chick2`, `endDate`, `startDate`) VALUES (1773, 2, 152, 152, '1977-01-25 09:22:26', '1989-07-30 00:26:01');
INSERT INTO `fight` (`id`, `eventID`, `chick1`, `chick2`, `endDate`, `startDate`) VALUES (1774, 17, 67, 67, '2008-07-18 11:04:05', '1985-05-02 22:41:05');
INSERT INTO `fight` (`id`, `eventID`, `chick1`, `chick2`, `endDate`, `startDate`) VALUES (1778, 23, 73, 73, '1998-09-12 03:09:43', '2018-06-26 19:39:58');
INSERT INTO `fight` (`id`, `eventID`, `chick1`, `chick2`, `endDate`, `startDate`) VALUES (1779, 7, 157, 157, '2016-05-18 02:07:41', '1985-10-05 01:55:16');
INSERT INTO `fight` (`id`, `eventID`, `chick1`, `chick2`, `endDate`, `startDate`) VALUES (1784, 21, 271, 271, '2011-03-05 02:30:32', '1992-05-09 07:55:38');
INSERT INTO `fight` (`id`, `eventID`, `chick1`, `chick2`, `endDate`, `startDate`) VALUES (1785, 36, 136, 136, '1997-05-25 15:24:57', '1997-03-28 19:11:19');
INSERT INTO `fight` (`id`, `eventID`, `chick1`, `chick2`, `endDate`, `startDate`) VALUES (1786, 35, 285, 285, '1995-09-01 07:51:26', '2004-08-23 18:43:10');
INSERT INTO `fight` (`id`, `eventID`, `chick1`, `chick2`, `endDate`, `startDate`) VALUES (1790, 45, 145, 145, '1970-01-03 21:15:24', '2017-05-18 17:11:33');
INSERT INTO `fight` (`id`, `eventID`, `chick1`, `chick2`, `endDate`, `startDate`) VALUES (1791, 11, 11, 11, '2015-08-26 01:11:45', '2004-04-08 00:13:47');
INSERT INTO `fight` (`id`, `eventID`, `chick1`, `chick2`, `endDate`, `startDate`) VALUES (1793, 23, 223, 223, '1975-12-04 01:05:03', '2003-12-04 14:14:18');
INSERT INTO `fight` (`id`, `eventID`, `chick1`, `chick2`, `endDate`, `startDate`) VALUES (1794, 1, 51, 51, '1972-12-21 21:37:46', '1998-07-15 02:27:25');
INSERT INTO `fight` (`id`, `eventID`, `chick1`, `chick2`, `endDate`, `startDate`) VALUES (1795, 34, 134, 134, '1971-01-04 05:05:11', '2006-07-26 23:23:16');
INSERT INTO `fight` (`id`, `eventID`, `chick1`, `chick2`, `endDate`, `startDate`) VALUES (1798, 47, 247, 247, '1980-08-10 19:49:30', '1981-10-09 11:32:53');
INSERT INTO `fight` (`id`, `eventID`, `chick1`, `chick2`, `endDate`, `startDate`) VALUES (1801, 7, 107, 107, '1970-03-02 10:06:43', '1981-07-11 07:20:55');
INSERT INTO `fight` (`id`, `eventID`, `chick1`, `chick2`, `endDate`, `startDate`) VALUES (1802, 17, 17, 17, '2012-08-06 14:17:03', '1990-04-24 08:39:23');
INSERT INTO `fight` (`id`, `eventID`, `chick1`, `chick2`, `endDate`, `startDate`) VALUES (1804, 26, 276, 276, '1984-06-22 06:59:52', '1999-10-14 21:53:57');
INSERT INTO `fight` (`id`, `eventID`, `chick1`, `chick2`, `endDate`, `startDate`) VALUES (1805, 9, 9, 9, '2018-05-27 15:35:09', '2002-12-02 21:41:11');
INSERT INTO `fight` (`id`, `eventID`, `chick1`, `chick2`, `endDate`, `startDate`) VALUES (1806, 6, 106, 106, '2018-11-03 08:01:09', '2013-01-05 14:14:43');
INSERT INTO `fight` (`id`, `eventID`, `chick1`, `chick2`, `endDate`, `startDate`) VALUES (1807, 33, 283, 283, '2002-03-31 03:00:39', '2016-05-29 11:08:39');
INSERT INTO `fight` (`id`, `eventID`, `chick1`, `chick2`, `endDate`, `startDate`) VALUES (1808, 31, 131, 131, '2014-09-28 06:23:45', '2011-10-06 03:14:05');
INSERT INTO `fight` (`id`, `eventID`, `chick1`, `chick2`, `endDate`, `startDate`) VALUES (1809, 22, 122, 122, '2008-03-11 02:29:14', '1986-04-23 08:22:33');
INSERT INTO `fight` (`id`, `eventID`, `chick1`, `chick2`, `endDate`, `startDate`) VALUES (1810, 3, 3, 3, '2000-07-07 10:58:10', '2004-09-25 10:59:10');
INSERT INTO `fight` (`id`, `eventID`, `chick1`, `chick2`, `endDate`, `startDate`) VALUES (1811, 33, 133, 133, '2017-03-09 01:55:57', '1996-11-28 05:37:26');
INSERT INTO `fight` (`id`, `eventID`, `chick1`, `chick2`, `endDate`, `startDate`) VALUES (1814, 44, 94, 94, '1989-06-03 23:49:24', '2002-07-12 17:17:30');
INSERT INTO `fight` (`id`, `eventID`, `chick1`, `chick2`, `endDate`, `startDate`) VALUES (1816, 31, 81, 81, '1978-10-29 02:57:19', '2016-02-04 05:02:24');
INSERT INTO `fight` (`id`, `eventID`, `chick1`, `chick2`, `endDate`, `startDate`) VALUES (1817, 39, 39, 39, '1985-03-05 05:47:46', '2000-04-08 01:28:09');
INSERT INTO `fight` (`id`, `eventID`, `chick1`, `chick2`, `endDate`, `startDate`) VALUES (1818, 18, 168, 168, '1975-02-19 01:00:13', '1985-02-12 19:52:22');
INSERT INTO `fight` (`id`, `eventID`, `chick1`, `chick2`, `endDate`, `startDate`) VALUES (1820, 13, 113, 113, '2010-12-16 23:44:08', '1995-10-13 12:41:38');
INSERT INTO `fight` (`id`, `eventID`, `chick1`, `chick2`, `endDate`, `startDate`) VALUES (1824, 11, 61, 61, '2003-06-28 04:25:51', '1999-04-08 01:56:15');
INSERT INTO `fight` (`id`, `eventID`, `chick1`, `chick2`, `endDate`, `startDate`) VALUES (1827, 18, 118, 118, '2017-05-03 05:10:15', '1989-02-24 07:54:24');
INSERT INTO `fight` (`id`, `eventID`, `chick1`, `chick2`, `endDate`, `startDate`) VALUES (1829, 25, 225, 225, '2018-07-04 15:13:51', '1977-09-01 16:18:26');
INSERT INTO `fight` (`id`, `eventID`, `chick1`, `chick2`, `endDate`, `startDate`) VALUES (1830, 12, 262, 262, '1970-08-29 00:00:35', '1971-01-28 19:35:16');
INSERT INTO `fight` (`id`, `eventID`, `chick1`, `chick2`, `endDate`, `startDate`) VALUES (1831, 21, 121, 121, '1979-04-14 18:08:03', '1982-09-28 07:46:32');
INSERT INTO `fight` (`id`, `eventID`, `chick1`, `chick2`, `endDate`, `startDate`) VALUES (1832, 30, 180, 180, '2006-09-26 09:38:21', '1984-07-07 12:33:01');
INSERT INTO `fight` (`id`, `eventID`, `chick1`, `chick2`, `endDate`, `startDate`) VALUES (1834, 47, 297, 297, '2016-02-10 08:31:45', '1993-03-23 21:50:00');
INSERT INTO `fight` (`id`, `eventID`, `chick1`, `chick2`, `endDate`, `startDate`) VALUES (1835, 3, 53, 53, '2002-01-20 03:46:40', '2018-11-16 15:48:28');
INSERT INTO `fight` (`id`, `eventID`, `chick1`, `chick2`, `endDate`, `startDate`) VALUES (1839, 4, 54, 54, '1996-04-04 22:09:10', '1970-08-15 05:34:14');
INSERT INTO `fight` (`id`, `eventID`, `chick1`, `chick2`, `endDate`, `startDate`) VALUES (1840, 16, 116, 116, '2002-10-12 05:24:55', '2000-08-18 02:40:52');
INSERT INTO `fight` (`id`, `eventID`, `chick1`, `chick2`, `endDate`, `startDate`) VALUES (1841, 34, 84, 84, '1977-09-13 09:06:59', '2005-01-20 04:44:34');
INSERT INTO `fight` (`id`, `eventID`, `chick1`, `chick2`, `endDate`, `startDate`) VALUES (1845, 13, 63, 63, '2011-04-30 11:18:39', '1986-10-17 12:20:29');
INSERT INTO `fight` (`id`, `eventID`, `chick1`, `chick2`, `endDate`, `startDate`) VALUES (1846, 26, 76, 76, '2003-03-27 08:53:34', '1997-02-14 15:14:40');
INSERT INTO `fight` (`id`, `eventID`, `chick1`, `chick2`, `endDate`, `startDate`) VALUES (1849, 21, 71, 71, '1973-05-07 02:05:16', '2010-09-10 02:30:19');
INSERT INTO `fight` (`id`, `eventID`, `chick1`, `chick2`, `endDate`, `startDate`) VALUES (1851, 46, 196, 196, '2005-05-30 00:36:29', '2007-11-20 05:23:33');
INSERT INTO `fight` (`id`, `eventID`, `chick1`, `chick2`, `endDate`, `startDate`) VALUES (1852, 17, 17, 17, '2014-03-30 18:54:07', '1999-10-13 03:54:52');
INSERT INTO `fight` (`id`, `eventID`, `chick1`, `chick2`, `endDate`, `startDate`) VALUES (1855, 36, 136, 136, '1974-05-16 14:47:18', '2001-10-05 14:33:52');
INSERT INTO `fight` (`id`, `eventID`, `chick1`, `chick2`, `endDate`, `startDate`) VALUES (1857, 23, 23, 23, '2018-12-22 20:02:58', '1974-01-09 08:14:07');
INSERT INTO `fight` (`id`, `eventID`, `chick1`, `chick2`, `endDate`, `startDate`) VALUES (1858, 41, 141, 141, '1993-07-22 16:58:41', '2005-04-11 22:43:07');
INSERT INTO `fight` (`id`, `eventID`, `chick1`, `chick2`, `endDate`, `startDate`) VALUES (1859, 21, 21, 21, '2015-11-16 15:27:10', '2011-07-29 14:36:48');
INSERT INTO `fight` (`id`, `eventID`, `chick1`, `chick2`, `endDate`, `startDate`) VALUES (1862, 11, 61, 61, '2013-07-07 18:03:30', '1971-03-10 23:11:56');
INSERT INTO `fight` (`id`, `eventID`, `chick1`, `chick2`, `endDate`, `startDate`) VALUES (1864, 35, 135, 135, '2014-10-13 23:18:04', '1998-05-26 07:50:00');
INSERT INTO `fight` (`id`, `eventID`, `chick1`, `chick2`, `endDate`, `startDate`) VALUES (1865, 6, 206, 206, '1979-09-14 17:54:31', '2018-01-11 02:05:34');
INSERT INTO `fight` (`id`, `eventID`, `chick1`, `chick2`, `endDate`, `startDate`) VALUES (1866, 22, 22, 22, '1987-05-06 21:44:08', '1974-01-18 12:26:07');
INSERT INTO `fight` (`id`, `eventID`, `chick1`, `chick2`, `endDate`, `startDate`) VALUES (1867, 38, 88, 88, '1996-06-12 07:47:56', '1977-04-09 01:54:22');
INSERT INTO `fight` (`id`, `eventID`, `chick1`, `chick2`, `endDate`, `startDate`) VALUES (1869, 2, 202, 202, '2017-05-02 08:36:13', '2007-04-11 07:40:58');
INSERT INTO `fight` (`id`, `eventID`, `chick1`, `chick2`, `endDate`, `startDate`) VALUES (1871, 26, 26, 26, '1984-10-14 05:22:05', '1974-12-27 08:28:55');
INSERT INTO `fight` (`id`, `eventID`, `chick1`, `chick2`, `endDate`, `startDate`) VALUES (1872, 27, 77, 77, '2012-09-09 13:53:06', '2001-08-16 12:19:35');
INSERT INTO `fight` (`id`, `eventID`, `chick1`, `chick2`, `endDate`, `startDate`) VALUES (1876, 43, 93, 93, '1998-04-02 03:42:35', '2003-09-29 19:06:49');
INSERT INTO `fight` (`id`, `eventID`, `chick1`, `chick2`, `endDate`, `startDate`) VALUES (1877, 28, 228, 228, '1989-03-25 21:49:00', '1972-10-15 10:05:26');
INSERT INTO `fight` (`id`, `eventID`, `chick1`, `chick2`, `endDate`, `startDate`) VALUES (1879, 48, 48, 48, '1996-11-20 01:11:10', '2000-02-24 00:16:23');
INSERT INTO `fight` (`id`, `eventID`, `chick1`, `chick2`, `endDate`, `startDate`) VALUES (1880, 18, 18, 18, '1977-01-27 22:24:15', '2016-12-08 21:07:09');
INSERT INTO `fight` (`id`, `eventID`, `chick1`, `chick2`, `endDate`, `startDate`) VALUES (1882, 16, 16, 16, '2017-06-02 16:21:07', '1983-02-03 21:11:18');
INSERT INTO `fight` (`id`, `eventID`, `chick1`, `chick2`, `endDate`, `startDate`) VALUES (1886, 15, 115, 115, '2012-09-29 09:48:38', '2007-08-08 23:37:58');
INSERT INTO `fight` (`id`, `eventID`, `chick1`, `chick2`, `endDate`, `startDate`) VALUES (1888, 46, 96, 96, '1995-08-16 03:08:04', '1990-11-17 07:13:10');
INSERT INTO `fight` (`id`, `eventID`, `chick1`, `chick2`, `endDate`, `startDate`) VALUES (1889, 40, 90, 90, '2005-09-06 22:51:30', '1982-02-28 05:22:31');
INSERT INTO `fight` (`id`, `eventID`, `chick1`, `chick2`, `endDate`, `startDate`) VALUES (1891, 12, 112, 112, '1980-03-06 16:14:36', '1995-12-07 00:22:36');
INSERT INTO `fight` (`id`, `eventID`, `chick1`, `chick2`, `endDate`, `startDate`) VALUES (1893, 50, 200, 200, '2007-12-25 16:43:01', '1987-01-06 11:15:35');
INSERT INTO `fight` (`id`, `eventID`, `chick1`, `chick2`, `endDate`, `startDate`) VALUES (1895, 41, 41, 41, '2006-03-15 06:05:50', '1975-01-10 21:08:12');
INSERT INTO `fight` (`id`, `eventID`, `chick1`, `chick2`, `endDate`, `startDate`) VALUES (1898, 30, 30, 30, '1988-11-17 07:33:01', '2013-03-08 04:10:24');
INSERT INTO `fight` (`id`, `eventID`, `chick1`, `chick2`, `endDate`, `startDate`) VALUES (1900, 9, 59, 59, '1999-12-09 17:53:01', '1988-03-12 23:05:36');
INSERT INTO `fight` (`id`, `eventID`, `chick1`, `chick2`, `endDate`, `startDate`) VALUES (1901, 15, 265, 265, '1982-09-10 19:07:35', '1971-08-17 05:25:39');
INSERT INTO `fight` (`id`, `eventID`, `chick1`, `chick2`, `endDate`, `startDate`) VALUES (1902, 7, 207, 207, '2010-07-06 06:18:43', '1973-04-08 20:44:35');
INSERT INTO `fight` (`id`, `eventID`, `chick1`, `chick2`, `endDate`, `startDate`) VALUES (1903, 49, 249, 249, '1987-02-23 03:31:52', '1973-06-18 06:57:37');
INSERT INTO `fight` (`id`, `eventID`, `chick1`, `chick2`, `endDate`, `startDate`) VALUES (1904, 28, 78, 78, '1990-12-23 17:50:44', '1998-02-07 14:23:45');
INSERT INTO `fight` (`id`, `eventID`, `chick1`, `chick2`, `endDate`, `startDate`) VALUES (1905, 28, 178, 178, '1973-04-08 13:01:47', '2001-04-30 22:22:25');
INSERT INTO `fight` (`id`, `eventID`, `chick1`, `chick2`, `endDate`, `startDate`) VALUES (1907, 24, 24, 24, '2012-04-07 03:22:36', '1993-11-19 03:30:04');
INSERT INTO `fight` (`id`, `eventID`, `chick1`, `chick2`, `endDate`, `startDate`) VALUES (1908, 43, 293, 293, '1996-04-29 19:46:53', '1993-01-11 21:49:23');
INSERT INTO `fight` (`id`, `eventID`, `chick1`, `chick2`, `endDate`, `startDate`) VALUES (1909, 40, 140, 140, '1979-09-05 10:46:12', '1996-09-26 04:49:28');
INSERT INTO `fight` (`id`, `eventID`, `chick1`, `chick2`, `endDate`, `startDate`) VALUES (1910, 16, 66, 66, '1985-03-11 05:45:02', '1984-03-16 07:38:51');
INSERT INTO `fight` (`id`, `eventID`, `chick1`, `chick2`, `endDate`, `startDate`) VALUES (1912, 14, 64, 64, '2008-04-03 23:14:39', '2007-05-30 14:29:10');
INSERT INTO `fight` (`id`, `eventID`, `chick1`, `chick2`, `endDate`, `startDate`) VALUES (1913, 46, 96, 96, '2000-02-12 09:18:28', '1989-12-01 06:24:43');
INSERT INTO `fight` (`id`, `eventID`, `chick1`, `chick2`, `endDate`, `startDate`) VALUES (1914, 50, 100, 100, '2002-04-24 04:05:15', '1972-10-16 15:18:54');
INSERT INTO `fight` (`id`, `eventID`, `chick1`, `chick2`, `endDate`, `startDate`) VALUES (1915, 14, 114, 114, '1991-10-22 21:09:55', '1993-03-11 09:03:54');
INSERT INTO `fight` (`id`, `eventID`, `chick1`, `chick2`, `endDate`, `startDate`) VALUES (1917, 41, 191, 191, '1980-05-11 02:19:06', '2005-09-21 00:46:10');
INSERT INTO `fight` (`id`, `eventID`, `chick1`, `chick2`, `endDate`, `startDate`) VALUES (1919, 5, 255, 255, '1984-08-05 13:21:45', '2002-06-10 02:38:27');
INSERT INTO `fight` (`id`, `eventID`, `chick1`, `chick2`, `endDate`, `startDate`) VALUES (1922, 2, 52, 52, '1998-10-14 21:45:08', '2015-04-21 17:52:30');
INSERT INTO `fight` (`id`, `eventID`, `chick1`, `chick2`, `endDate`, `startDate`) VALUES (1924, 44, 144, 144, '1977-09-15 03:22:26', '1991-07-15 09:06:14');
INSERT INTO `fight` (`id`, `eventID`, `chick1`, `chick2`, `endDate`, `startDate`) VALUES (1925, 39, 189, 189, '1986-03-06 00:28:27', '1983-11-21 18:48:21');
INSERT INTO `fight` (`id`, `eventID`, `chick1`, `chick2`, `endDate`, `startDate`) VALUES (1926, 40, 190, 190, '1990-07-04 16:24:43', '1997-11-25 23:01:24');
INSERT INTO `fight` (`id`, `eventID`, `chick1`, `chick2`, `endDate`, `startDate`) VALUES (1927, 50, 200, 200, '1993-09-26 04:19:12', '1995-06-15 17:11:53');
INSERT INTO `fight` (`id`, `eventID`, `chick1`, `chick2`, `endDate`, `startDate`) VALUES (1929, 37, 287, 287, '1974-09-01 16:23:19', '1983-08-23 09:26:27');
INSERT INTO `fight` (`id`, `eventID`, `chick1`, `chick2`, `endDate`, `startDate`) VALUES (1930, 1, 151, 151, '1971-03-01 18:54:02', '2003-10-02 10:38:41');
INSERT INTO `fight` (`id`, `eventID`, `chick1`, `chick2`, `endDate`, `startDate`) VALUES (1931, 31, 81, 81, '1987-03-27 09:37:04', '1997-07-30 08:18:11');
INSERT INTO `fight` (`id`, `eventID`, `chick1`, `chick2`, `endDate`, `startDate`) VALUES (1932, 12, 62, 62, '1972-02-03 18:17:53', '1993-02-02 04:38:58');
INSERT INTO `fight` (`id`, `eventID`, `chick1`, `chick2`, `endDate`, `startDate`) VALUES (1934, 23, 123, 123, '1987-03-16 08:46:41', '1973-06-06 21:43:40');
INSERT INTO `fight` (`id`, `eventID`, `chick1`, `chick2`, `endDate`, `startDate`) VALUES (1938, 6, 56, 56, '1982-04-06 05:54:10', '1999-06-28 05:01:16');
INSERT INTO `fight` (`id`, `eventID`, `chick1`, `chick2`, `endDate`, `startDate`) VALUES (1939, 19, 69, 69, '2012-10-06 06:26:37', '1983-09-27 14:14:41');
INSERT INTO `fight` (`id`, `eventID`, `chick1`, `chick2`, `endDate`, `startDate`) VALUES (1942, 15, 15, 15, '1999-09-13 17:46:04', '1971-02-26 08:44:52');
INSERT INTO `fight` (`id`, `eventID`, `chick1`, `chick2`, `endDate`, `startDate`) VALUES (1943, 20, 220, 220, '2008-03-04 21:13:21', '1981-06-01 20:14:31');
INSERT INTO `fight` (`id`, `eventID`, `chick1`, `chick2`, `endDate`, `startDate`) VALUES (1944, 43, 193, 193, '2014-04-11 02:24:13', '1995-12-30 09:32:38');
INSERT INTO `fight` (`id`, `eventID`, `chick1`, `chick2`, `endDate`, `startDate`) VALUES (1945, 22, 72, 72, '1987-06-19 14:15:37', '2006-01-20 07:10:28');
INSERT INTO `fight` (`id`, `eventID`, `chick1`, `chick2`, `endDate`, `startDate`) VALUES (1946, 21, 21, 21, '2009-12-08 15:26:06', '2016-03-20 15:48:48');
INSERT INTO `fight` (`id`, `eventID`, `chick1`, `chick2`, `endDate`, `startDate`) VALUES (1947, 37, 87, 87, '2009-05-23 19:23:08', '2001-12-03 22:00:30');
INSERT INTO `fight` (`id`, `eventID`, `chick1`, `chick2`, `endDate`, `startDate`) VALUES (1948, 6, 156, 156, '1997-04-28 08:02:12', '1970-06-13 00:30:52');
INSERT INTO `fight` (`id`, `eventID`, `chick1`, `chick2`, `endDate`, `startDate`) VALUES (1953, 31, 281, 281, '1998-02-06 22:53:37', '1997-08-24 05:11:38');
INSERT INTO `fight` (`id`, `eventID`, `chick1`, `chick2`, `endDate`, `startDate`) VALUES (1958, 25, 75, 75, '2016-09-12 01:09:12', '1975-10-25 00:18:37');
INSERT INTO `fight` (`id`, `eventID`, `chick1`, `chick2`, `endDate`, `startDate`) VALUES (1960, 13, 13, 13, '2002-07-21 23:16:15', '1976-11-13 18:28:08');
INSERT INTO `fight` (`id`, `eventID`, `chick1`, `chick2`, `endDate`, `startDate`) VALUES (1961, 17, 167, 167, '1971-04-13 06:20:44', '1992-10-05 21:07:53');
INSERT INTO `fight` (`id`, `eventID`, `chick1`, `chick2`, `endDate`, `startDate`) VALUES (1962, 28, 128, 128, '2004-10-16 22:38:22', '1980-01-22 00:57:10');
INSERT INTO `fight` (`id`, `eventID`, `chick1`, `chick2`, `endDate`, `startDate`) VALUES (1963, 39, 189, 189, '1971-06-16 19:42:46', '2009-12-04 04:54:49');
INSERT INTO `fight` (`id`, `eventID`, `chick1`, `chick2`, `endDate`, `startDate`) VALUES (1964, 49, 199, 199, '2002-11-01 21:06:29', '2005-11-04 14:24:06');
INSERT INTO `fight` (`id`, `eventID`, `chick1`, `chick2`, `endDate`, `startDate`) VALUES (1965, 41, 41, 41, '1999-09-23 23:04:07', '2012-01-23 08:44:49');
INSERT INTO `fight` (`id`, `eventID`, `chick1`, `chick2`, `endDate`, `startDate`) VALUES (1967, 22, 172, 172, '1984-02-18 10:42:52', '2002-08-09 06:41:25');
INSERT INTO `fight` (`id`, `eventID`, `chick1`, `chick2`, `endDate`, `startDate`) VALUES (1969, 26, 126, 126, '2002-04-13 14:30:24', '1983-03-17 13:16:11');
INSERT INTO `fight` (`id`, `eventID`, `chick1`, `chick2`, `endDate`, `startDate`) VALUES (1970, 20, 120, 120, '2015-10-04 00:05:32', '1997-05-15 02:06:38');
INSERT INTO `fight` (`id`, `eventID`, `chick1`, `chick2`, `endDate`, `startDate`) VALUES (1971, 18, 18, 18, '2005-02-17 21:22:47', '1990-03-13 13:55:54');
INSERT INTO `fight` (`id`, `eventID`, `chick1`, `chick2`, `endDate`, `startDate`) VALUES (1973, 27, 27, 27, '2013-02-16 00:52:35', '1998-04-17 21:35:07');
INSERT INTO `fight` (`id`, `eventID`, `chick1`, `chick2`, `endDate`, `startDate`) VALUES (1977, 10, 260, 260, '1975-05-03 16:49:57', '1992-07-26 23:00:22');
INSERT INTO `fight` (`id`, `eventID`, `chick1`, `chick2`, `endDate`, `startDate`) VALUES (1978, 39, 289, 289, '1996-12-08 05:03:35', '1985-09-11 12:40:43');
INSERT INTO `fight` (`id`, `eventID`, `chick1`, `chick2`, `endDate`, `startDate`) VALUES (1980, 40, 40, 40, '2007-12-29 23:52:57', '1987-03-27 19:03:21');
INSERT INTO `fight` (`id`, `eventID`, `chick1`, `chick2`, `endDate`, `startDate`) VALUES (1981, 37, 187, 187, '1981-12-13 12:03:13', '2017-04-17 14:06:51');
INSERT INTO `fight` (`id`, `eventID`, `chick1`, `chick2`, `endDate`, `startDate`) VALUES (1984, 22, 222, 222, '1999-03-09 11:20:12', '1982-05-16 09:47:03');
INSERT INTO `fight` (`id`, `eventID`, `chick1`, `chick2`, `endDate`, `startDate`) VALUES (1987, 18, 68, 68, '1992-05-01 18:39:03', '1980-07-30 14:45:50');
INSERT INTO `fight` (`id`, `eventID`, `chick1`, `chick2`, `endDate`, `startDate`) VALUES (1989, 20, 120, 120, '2017-08-31 20:26:35', '1998-11-13 10:13:32');
INSERT INTO `fight` (`id`, `eventID`, `chick1`, `chick2`, `endDate`, `startDate`) VALUES (1991, 24, 124, 124, '1979-01-04 10:44:47', '1981-07-31 06:06:46');
INSERT INTO `fight` (`id`, `eventID`, `chick1`, `chick2`, `endDate`, `startDate`) VALUES (1993, 3, 203, 203, '2009-01-14 21:04:03', '2000-02-05 02:45:34');
INSERT INTO `fight` (`id`, `eventID`, `chick1`, `chick2`, `endDate`, `startDate`) VALUES (1994, 48, 48, 48, '1981-10-27 07:03:44', '1977-08-07 07:00:58');
INSERT INTO `fight` (`id`, `eventID`, `chick1`, `chick2`, `endDate`, `startDate`) VALUES (1995, 41, 91, 91, '2011-09-02 17:56:05', '1982-09-04 01:25:11');
INSERT INTO `fight` (`id`, `eventID`, `chick1`, `chick2`, `endDate`, `startDate`) VALUES (1997, 20, 270, 270, '1996-11-23 14:36:13', '2008-11-25 14:20:09');
INSERT INTO `fight` (`id`, `eventID`, `chick1`, `chick2`, `endDate`, `startDate`) VALUES (2000, 16, 66, 66, '2013-03-07 12:46:59', '2018-04-01 01:50:09');


#
# TABLE STRUCTURE FOR: person
#

DROP TABLE IF EXISTS `person`;

CREATE TABLE `person` (
  `id` int(11) NOT NULL,
  `fname` varchar(100) NOT NULL,
  `lname` varchar(255) NOT NULL,
  `dob` date NOT NULL,
  `phone` int(7) NOT NULL,
  `email` varchar(50) NOT NULL,
  UNIQUE KEY `id` (`id`)
) ENGINE=InnoDB DEFAULT CHARSET=utf8;

INSERT INTO `person` (`id`, `fname`, `lname`, `dob`, `phone`, `email`) VALUES (1009, 'Emerson', 'Heidenreich', '1989-12-15', 1, 'kiehn.samara@example.net');
INSERT INTO `person` (`id`, `fname`, `lname`, `dob`, `phone`, `email`) VALUES (1016, 'Danielle', 'Harber', '2003-01-27', 16, 'berneice59@example.com');
INSERT INTO `person` (`id`, `fname`, `lname`, `dob`, `phone`, `email`) VALUES (1030, 'Arlo', 'Mills', '1974-03-19', 0, 'rjohns@example.org');
INSERT INTO `person` (`id`, `fname`, `lname`, `dob`, `phone`, `email`) VALUES (1034, 'Claud', 'Bernier', '1996-12-24', 156, 'cvon@example.net');
INSERT INTO `person` (`id`, `fname`, `lname`, `dob`, `phone`, `email`) VALUES (1049, 'Lisette', 'Blick', '2004-11-22', 16, 'rolfson.abelardo@example.net');
INSERT INTO `person` (`id`, `fname`, `lname`, `dob`, `phone`, `email`) VALUES (1058, 'Turner', 'Hackett', '1999-02-10', 1, 'victor.nikolaus@example.com');
INSERT INTO `person` (`id`, `fname`, `lname`, `dob`, `phone`, `email`) VALUES (1064, 'Abbigail', 'Franecki', '1982-11-15', 561885, 'cole.micheal@example.net');
INSERT INTO `person` (`id`, `fname`, `lname`, `dob`, `phone`, `email`) VALUES (1076, 'Tom', 'Koss', '1971-05-05', 0, 'justice98@example.org');
INSERT INTO `person` (`id`, `fname`, `lname`, `dob`, `phone`, `email`) VALUES (1098, 'Christ', 'Pfannerstill', '2007-10-25', 0, 'cora68@example.org');
INSERT INTO `person` (`id`, `fname`, `lname`, `dob`, `phone`, `email`) VALUES (1099, 'Unique', 'Brakus', '1998-10-10', 65, 'easter24@example.net');
INSERT INTO `person` (`id`, `fname`, `lname`, `dob`, `phone`, `email`) VALUES (1107, 'Justine', 'Oberbrunner', '2006-12-06', 2147483647, 'gerhold.asia@example.com');
INSERT INTO `person` (`id`, `fname`, `lname`, `dob`, `phone`, `email`) VALUES (1110, 'Gudrun', 'Lueilwitz', '2015-12-15', 395, 'aiyana.wunsch@example.net');
INSERT INTO `person` (`id`, `fname`, `lname`, `dob`, `phone`, `email`) VALUES (1129, 'Ed', 'Schmidt', '2001-08-15', 745577, 'chester21@example.net');
INSERT INTO `person` (`id`, `fname`, `lname`, `dob`, `phone`, `email`) VALUES (1136, 'Lori', 'Collier', '1971-11-26', 0, 'shad.mayert@example.com');
INSERT INTO `person` (`id`, `fname`, `lname`, `dob`, `phone`, `email`) VALUES (1144, 'Jermain', 'Durgan', '1980-01-20', 1, 'sanford.feeney@example.net');
INSERT INTO `person` (`id`, `fname`, `lname`, `dob`, `phone`, `email`) VALUES (1150, 'Abbey', 'Lowe', '1970-01-31', 0, 'leta50@example.net');
INSERT INTO `person` (`id`, `fname`, `lname`, `dob`, `phone`, `email`) VALUES (1173, 'Davion', 'Wisozk', '1984-05-15', 0, 'ronny96@example.org');
INSERT INTO `person` (`id`, `fname`, `lname`, `dob`, `phone`, `email`) VALUES (1180, 'Donny', 'Bauch', '1981-03-02', 970960, 'kcorkery@example.net');
INSERT INTO `person` (`id`, `fname`, `lname`, `dob`, `phone`, `email`) VALUES (1181, 'Whitney', 'Russel', '1996-06-20', 1182515306, 'jaskolski.akeem@example.com');
INSERT INTO `person` (`id`, `fname`, `lname`, `dob`, `phone`, `email`) VALUES (1204, 'Jackeline', 'Leuschke', '1984-01-11', 381, 'prohaska.robert@example.org');
INSERT INTO `person` (`id`, `fname`, `lname`, `dob`, `phone`, `email`) VALUES (1218, 'Pamela', 'Boyle', '1993-09-24', 0, 'homenick.rocky@example.com');
INSERT INTO `person` (`id`, `fname`, `lname`, `dob`, `phone`, `email`) VALUES (1239, 'Asa', 'Johns', '2000-03-09', 933829, 'jpfeffer@example.org');
INSERT INTO `person` (`id`, `fname`, `lname`, `dob`, `phone`, `email`) VALUES (1259, 'Zelma', 'Hilll', '1991-07-03', 0, 'stacey.spencer@example.org');
INSERT INTO `person` (`id`, `fname`, `lname`, `dob`, `phone`, `email`) VALUES (1265, 'Seamus', 'Gibson', '2002-04-10', 0, 'cassandra84@example.com');
INSERT INTO `person` (`id`, `fname`, `lname`, `dob`, `phone`, `email`) VALUES (1266, 'Kaci', 'Zemlak', '1997-04-19', 1, 'jada.lubowitz@example.net');
INSERT INTO `person` (`id`, `fname`, `lname`, `dob`, `phone`, `email`) VALUES (1291, 'Telly', 'Ledner', '2001-02-22', 452, 'sgreenfelder@example.net');
INSERT INTO `person` (`id`, `fname`, `lname`, `dob`, `phone`, `email`) VALUES (1301, 'Tad', 'Fahey', '2011-04-08', 629, 'roy.shields@example.com');
INSERT INTO `person` (`id`, `fname`, `lname`, `dob`, `phone`, `email`) VALUES (1308, 'Freeman', 'Schulist', '2006-09-29', 636, 'dayana28@example.net');
INSERT INTO `person` (`id`, `fname`, `lname`, `dob`, `phone`, `email`) VALUES (1322, 'Cyrus', 'Schowalter', '2007-02-24', 486789, 'golden.weimann@example.com');
INSERT INTO `person` (`id`, `fname`, `lname`, `dob`, `phone`, `email`) VALUES (1339, 'Melba', 'Hoeger', '1982-11-15', 1, 'zhansen@example.net');
INSERT INTO `person` (`id`, `fname`, `lname`, `dob`, `phone`, `email`) VALUES (1371, 'Torrance', 'Turcotte', '2008-01-02', 510502, 'lily.rolfson@example.com');
INSERT INTO `person` (`id`, `fname`, `lname`, `dob`, `phone`, `email`) VALUES (1376, 'Rhett', 'Effertz', '2015-06-27', 2147483647, 'tmccullough@example.com');
INSERT INTO `person` (`id`, `fname`, `lname`, `dob`, `phone`, `email`) VALUES (1380, 'Myrtie', 'Feest', '1985-06-01', 1, 'harber.gail@example.com');
INSERT INTO `person` (`id`, `fname`, `lname`, `dob`, `phone`, `email`) VALUES (1443, 'Eli', 'Raynor', '1992-05-24', 1, 'hruecker@example.org');
INSERT INTO `person` (`id`, `fname`, `lname`, `dob`, `phone`, `email`) VALUES (1444, 'Cesar', 'Sipes', '2017-07-21', 0, 'christiansen.laisha@example.com');
INSERT INTO `person` (`id`, `fname`, `lname`, `dob`, `phone`, `email`) VALUES (1450, 'Miracle', 'Wintheiser', '2009-03-25', 0, 'nelda13@example.com');
INSERT INTO `person` (`id`, `fname`, `lname`, `dob`, `phone`, `email`) VALUES (1462, 'Caitlyn', 'Lebsack', '1999-01-21', 22422, 'madyson70@example.com');
INSERT INTO `person` (`id`, `fname`, `lname`, `dob`, `phone`, `email`) VALUES (1464, 'Percival', 'Marks', '1982-02-17', 158065, 'eryn58@example.com');
INSERT INTO `person` (`id`, `fname`, `lname`, `dob`, `phone`, `email`) VALUES (1465, 'Marco', 'Kohler', '1979-12-18', 5, 'sbotsford@example.net');
INSERT INTO `person` (`id`, `fname`, `lname`, `dob`, `phone`, `email`) VALUES (1468, 'Theron', 'Witting', '2003-03-22', 1, 'batz.bernadette@example.com');
INSERT INTO `person` (`id`, `fname`, `lname`, `dob`, `phone`, `email`) VALUES (1478, 'Carolanne', 'Prohaska', '2001-02-13', 0, 'buford06@example.com');
INSERT INTO `person` (`id`, `fname`, `lname`, `dob`, `phone`, `email`) VALUES (1482, 'Tyrell', 'Blick', '1978-10-24', 0, 'hroob@example.net');
INSERT INTO `person` (`id`, `fname`, `lname`, `dob`, `phone`, `email`) VALUES (1490, 'Lura', 'Hauck', '2003-12-27', 0, 'bskiles@example.org');
INSERT INTO `person` (`id`, `fname`, `lname`, `dob`, `phone`, `email`) VALUES (1492, 'Terry', 'Nader', '1981-06-02', 87, 'co\'reilly@example.org');
INSERT INTO `person` (`id`, `fname`, `lname`, `dob`, `phone`, `email`) VALUES (1507, 'Elsa', 'Kohler', '1990-11-06', 1, 'germaine06@example.com');
INSERT INTO `person` (`id`, `fname`, `lname`, `dob`, `phone`, `email`) VALUES (1511, 'Emilio', 'Becker', '1973-07-22', 935, 'jkunze@example.net');
INSERT INTO `person` (`id`, `fname`, `lname`, `dob`, `phone`, `email`) VALUES (1520, 'Carolyne', 'Nicolas', '2015-01-15', 141, 'fleffler@example.net');
INSERT INTO `person` (`id`, `fname`, `lname`, `dob`, `phone`, `email`) VALUES (1528, 'Rosie', 'Hintz', '2007-10-19', 79270, 'lazaro25@example.org');
INSERT INTO `person` (`id`, `fname`, `lname`, `dob`, `phone`, `email`) VALUES (1529, 'Shirley', 'Wunsch', '1989-06-23', 875663, 'ywhite@example.net');
INSERT INTO `person` (`id`, `fname`, `lname`, `dob`, `phone`, `email`) VALUES (1530, 'Kailey', 'Gutmann', '2010-07-08', 636454, 'ernestina.ward@example.com');
INSERT INTO `person` (`id`, `fname`, `lname`, `dob`, `phone`, `email`) VALUES (1533, 'Henry', 'Goyette', '1987-11-07', 417497, 'bette.prosacco@example.net');
INSERT INTO `person` (`id`, `fname`, `lname`, `dob`, `phone`, `email`) VALUES (1538, 'Summer', 'Hauck', '1975-03-29', 0, 'ureynolds@example.org');
INSERT INTO `person` (`id`, `fname`, `lname`, `dob`, `phone`, `email`) VALUES (1541, 'Ebba', 'Russel', '1972-01-01', 465989, 'ullrich.jackeline@example.net');
INSERT INTO `person` (`id`, `fname`, `lname`, `dob`, `phone`, `email`) VALUES (1545, 'Kenna', 'Orn', '1974-08-15', 2147483647, 'larson.brody@example.org');
INSERT INTO `person` (`id`, `fname`, `lname`, `dob`, `phone`, `email`) VALUES (1549, 'Sonya', 'Douglas', '1976-01-29', 0, 'morar.dovie@example.org');
INSERT INTO `person` (`id`, `fname`, `lname`, `dob`, `phone`, `email`) VALUES (1574, 'Jacinto', 'Kub', '1971-10-14', 952080, 'hheaney@example.org');
INSERT INTO `person` (`id`, `fname`, `lname`, `dob`, `phone`, `email`) VALUES (1592, 'Brown', 'Moen', '1976-05-28', 890, 'fberge@example.net');
INSERT INTO `person` (`id`, `fname`, `lname`, `dob`, `phone`, `email`) VALUES (1598, 'Kale', 'Morissette', '2014-04-08', 0, 'hermiston.presley@example.net');
INSERT INTO `person` (`id`, `fname`, `lname`, `dob`, `phone`, `email`) VALUES (1600, 'Mohammad', 'Gusikowski', '2002-05-23', 110406, 'thad.balistreri@example.com');
INSERT INTO `person` (`id`, `fname`, `lname`, `dob`, `phone`, `email`) VALUES (1611, 'Esmeralda', 'Abernathy', '2007-05-20', 1, 'elbert.bartell@example.org');
INSERT INTO `person` (`id`, `fname`, `lname`, `dob`, `phone`, `email`) VALUES (1615, 'Jonas', 'Walker', '2015-07-05', 1, 'hboehm@example.com');
INSERT INTO `person` (`id`, `fname`, `lname`, `dob`, `phone`, `email`) VALUES (1618, 'Kirsten', 'Langworth', '2011-05-26', 1, 'annie08@example.org');
INSERT INTO `person` (`id`, `fname`, `lname`, `dob`, `phone`, `email`) VALUES (1619, 'Cletus', 'Christiansen', '1990-09-15', 18, 'deontae.rolfson@example.net');
INSERT INTO `person` (`id`, `fname`, `lname`, `dob`, `phone`, `email`) VALUES (1624, 'Wilber', 'Kulas', '1997-05-12', 126593, 'zmarquardt@example.com');
INSERT INTO `person` (`id`, `fname`, `lname`, `dob`, `phone`, `email`) VALUES (1637, 'Benedict', 'Schultz', '2015-12-10', 1, 'prudence21@example.org');
INSERT INTO `person` (`id`, `fname`, `lname`, `dob`, `phone`, `email`) VALUES (1642, 'Leonor', 'Monahan', '1996-11-05', 381, 'heloise.heathcote@example.com');
INSERT INTO `person` (`id`, `fname`, `lname`, `dob`, `phone`, `email`) VALUES (1655, 'Valerie', 'Schulist', '2012-02-04', 789, 'justen.becker@example.net');
INSERT INTO `person` (`id`, `fname`, `lname`, `dob`, `phone`, `email`) VALUES (1658, 'Erwin', 'Dickens', '2007-02-25', 0, 'stephon.muller@example.net');
INSERT INTO `person` (`id`, `fname`, `lname`, `dob`, `phone`, `email`) VALUES (1691, 'Lori', 'Eichmann', '1993-08-12', 2147483647, 'ariane.bartell@example.net');
INSERT INTO `person` (`id`, `fname`, `lname`, `dob`, `phone`, `email`) VALUES (1696, 'Josh', 'Boyle', '1988-08-27', 776, 'kyra.walter@example.net');
INSERT INTO `person` (`id`, `fname`, `lname`, `dob`, `phone`, `email`) VALUES (1702, 'Zella', 'Bergstrom', '2007-12-23', 1, 'arden.bahringer@example.net');
INSERT INTO `person` (`id`, `fname`, `lname`, `dob`, `phone`, `email`) VALUES (1703, 'Nigel', 'O\'Hara', '2014-05-14', 2147483647, 'zreichel@example.net');
INSERT INTO `person` (`id`, `fname`, `lname`, `dob`, `phone`, `email`) VALUES (1705, 'Georgette', 'Parker', '2010-02-05', 0, 'umacejkovic@example.com');
INSERT INTO `person` (`id`, `fname`, `lname`, `dob`, `phone`, `email`) VALUES (1723, 'Thora', 'Runolfsdottir', '1985-01-11', 648, 'hoppe.anastasia@example.net');
INSERT INTO `person` (`id`, `fname`, `lname`, `dob`, `phone`, `email`) VALUES (1735, 'Kira', 'Lebsack', '1973-10-30', 0, 'sromaguera@example.com');
INSERT INTO `person` (`id`, `fname`, `lname`, `dob`, `phone`, `email`) VALUES (1739, 'Crystel', 'Sawayn', '1981-12-01', 1511201313, 'bashirian.stacy@example.net');
INSERT INTO `person` (`id`, `fname`, `lname`, `dob`, `phone`, `email`) VALUES (1746, 'Annamarie', 'Weber', '1996-05-12', 2147483647, 'cleta35@example.org');
INSERT INTO `person` (`id`, `fname`, `lname`, `dob`, `phone`, `email`) VALUES (1749, 'Damian', 'Johnston', '2010-11-05', 258428, 'bogan.norval@example.org');
INSERT INTO `person` (`id`, `fname`, `lname`, `dob`, `phone`, `email`) VALUES (1776, 'Bulah', 'Wilkinson', '1986-02-05', 626, 'marjorie.barton@example.net');
INSERT INTO `person` (`id`, `fname`, `lname`, `dob`, `phone`, `email`) VALUES (1778, 'Everardo', 'Rau', '1996-12-23', 2147483647, 'yvette15@example.com');
INSERT INTO `person` (`id`, `fname`, `lname`, `dob`, `phone`, `email`) VALUES (1805, 'Loy', 'Franecki', '2018-02-25', 0, 'qmcdermott@example.com');
INSERT INTO `person` (`id`, `fname`, `lname`, `dob`, `phone`, `email`) VALUES (1820, 'Oceane', 'Schuster', '1970-08-07', 1, 'dayton.nikolaus@example.org');
INSERT INTO `person` (`id`, `fname`, `lname`, `dob`, `phone`, `email`) VALUES (1832, 'Rita', 'Yost', '2003-06-16', 738, 'cassin.norene@example.org');
INSERT INTO `person` (`id`, `fname`, `lname`, `dob`, `phone`, `email`) VALUES (1834, 'Mylene', 'Koch', '1999-04-20', 2147483647, 'upton.aglae@example.com');
INSERT INTO `person` (`id`, `fname`, `lname`, `dob`, `phone`, `email`) VALUES (1862, 'Curtis', 'Rowe', '1977-08-22', 1, 'goyette.dorothea@example.org');
INSERT INTO `person` (`id`, `fname`, `lname`, `dob`, `phone`, `email`) VALUES (1866, 'Rashad', 'Bashirian', '1988-06-29', 0, 'vesta99@example.net');
INSERT INTO `person` (`id`, `fname`, `lname`, `dob`, `phone`, `email`) VALUES (1894, 'Erwin', 'DuBuque', '1984-03-25', 1, 'zlarson@example.net');
INSERT INTO `person` (`id`, `fname`, `lname`, `dob`, `phone`, `email`) VALUES (1895, 'Alfredo', 'Will', '1988-05-20', 1, 'esperanza.bernier@example.net');
INSERT INTO `person` (`id`, `fname`, `lname`, `dob`, `phone`, `email`) VALUES (1905, 'Alf', 'McCullough', '1973-11-05', 1, 'lschaden@example.net');
INSERT INTO `person` (`id`, `fname`, `lname`, `dob`, `phone`, `email`) VALUES (1919, 'Ignacio', 'DuBuque', '1988-05-16', 442, 'oma.volkman@example.net');
INSERT INTO `person` (`id`, `fname`, `lname`, `dob`, `phone`, `email`) VALUES (1923, 'Allan', 'Kozey', '1970-06-18', 0, 'skiehn@example.org');
INSERT INTO `person` (`id`, `fname`, `lname`, `dob`, `phone`, `email`) VALUES (1930, 'Jolie', 'Hand', '1980-07-05', 0, 'karianne.hackett@example.net');
INSERT INTO `person` (`id`, `fname`, `lname`, `dob`, `phone`, `email`) VALUES (1933, 'Jayda', 'Rath', '1970-05-03', 570, 'imarquardt@example.com');
INSERT INTO `person` (`id`, `fname`, `lname`, `dob`, `phone`, `email`) VALUES (1938, 'Sven', 'Kling', '1980-10-31', 1, 'bkovacek@example.net');
INSERT INTO `person` (`id`, `fname`, `lname`, `dob`, `phone`, `email`) VALUES (1943, 'Pete', 'Marks', '1999-10-17', 727800, 'prince56@example.com');
INSERT INTO `person` (`id`, `fname`, `lname`, `dob`, `phone`, `email`) VALUES (1966, 'Delilah', 'Weimann', '1984-03-08', 1, 'kreichert@example.com');
INSERT INTO `person` (`id`, `fname`, `lname`, `dob`, `phone`, `email`) VALUES (1984, 'Sienna', 'Renner', '2006-10-06', 812924, 'pboyer@example.com');
INSERT INTO `person` (`id`, `fname`, `lname`, `dob`, `phone`, `email`) VALUES (1987, 'Nicolette', 'Berge', '1987-05-10', 2147483647, 'kylie.wolff@example.net');
INSERT INTO `person` (`id`, `fname`, `lname`, `dob`, `phone`, `email`) VALUES (1995, 'Nellie', 'Jacobs', '1975-08-19', 1, 'zbauch@example.net');
INSERT INTO `person` (`id`, `fname`, `lname`, `dob`, `phone`, `email`) VALUES (2000, 'Beaulah', 'Fay', '1988-04-10', 341538, 'mohr.torey@example.net');


